,districtname,unduplicated_pupil_count,base_grant,supplemental_grant,concentration_grant,total_grants,cds
10,Alameda Unified, 0.3486 ," 75,938,983 "," 5,294,466 ", - ," 82,158,116 ",01611190000000
16,Albany City Unified, 0.2833 ," 29,644,972 "," 1,679,684 ", - ," 31,352,540 ",01611270000000
17,Berkeley Unified, 0.3519 ," 78,556,532 "," 5,528,808 ", - ," 89,369,621 ",01611430000000
19,Castro Valley Unified, 0.2904 ," 74,911,585 "," 4,350,864 ", - ," 79,554,607 ",01611500000000
20,Emery Unified, 0.7953 ," 5,702,229 "," 906,997 "," 699,378 "," 7,326,875 ",01611680000000
21,Fremont Unified, 0.2780 ," 284,970,897 "," 15,844,382 ", - ," 305,033,425 ",01611760000000
23,Hayward Unified, 0.7685 ," 158,763,208 "," 24,401,905 "," 17,344,881 "," 202,238,284 ",01611920000000
29,Livermore Valley Joint Unified, 0.2809 ," 110,617,503 "," 6,214,491 ", - ," 118,050,908 ",01612000000000
30,Mountain House Elementary, 0.7547 ," 141,838 "," 21,409 "," 14,517 "," 207,042 ",01612180000000
31,Newark Unified, 0.5588 ," 47,676,224 "," 5,328,295 "," 209,776 "," 54,024,719 ",01612340000000
32,New Haven Unified, 0.5472 ," 92,934,359 "," 10,170,737 ", - ," 103,626,264 ",01612420000000
33,Oakland Unified, 0.7678 ," 284,749,840 "," 43,726,185 "," 31,009,257 "," 375,304,926 ",01612590000000
68,Piedmont City Unified, 0.0260 ," 21,291,855 "," 110,718 ", - ," 21,415,069 ",01612750000000
69,San Leandro Unified, 0.6811 ," 70,841,466 "," 9,650,024 "," 4,643,658 "," 85,389,380 ",01612910000000
70,San Lorenzo Unified, 0.7109 ," 82,730,020 "," 11,762,555 "," 6,655,630 "," 102,065,752 ",01613090000000
73,Dublin Unified, 0.1554 ," 97,373,167 "," 3,026,358 ", - ," 100,522,910 ",01750930000000
74,Pleasanton Unified, 0.1601 ," 121,206,907 "," 3,881,045 ", - ," 125,781,867 ",01751010000000
75,Sunol Glen Unified, 0.1175 ," 2,276,497 "," 53,498 ", - ," 2,384,475 ",01751190000000
77,Alpine County Unified, 0.6805 ," 847,795 "," 115,385 "," 55,319 "," 1,198,355 ",02613330000000
79,Amador County Unified, 0.4503 ," 33,009,328 "," 2,972,820 ", - ," 37,212,708 ",03739810000000
84,Bangor Union Elementary, 0.7395 ," 787,929 "," 116,534 "," 74,657 "," 1,001,528 ",04613820000000
85,Biggs Unified, 0.6417 ," 3,041,401 "," 632,853 "," 226,090 "," 6,006,620 ",04614080000000
86,Chico Unified, 0.4781 ," 98,950,196 "," 9,461,618 ", - ," 109,564,375 ",04614240000000
95,Durham Unified, 0.3917 ," 8,318,840 "," 651,699 ", - ," 9,191,406 ",04614320000000
96,Feather Falls Union Elementary, 0.6389 , - ," 10,956 "," 3,811 "," 201,061 ",04614400000000
98,Golden Feather Union Elementary, 0.8536 ," 469,139 "," 80,092 "," 71,216 "," 747,708 ",04614570000000
99,Manzanita Elementary, 0.4777 ," 2,432,244 "," 232,376 ", - ," 2,681,195 ",04614990000000
100,Oroville City Elementary, 0.7876 ," 17,668,473 "," 2,783,138 "," 2,099,014 "," 23,008,797 ",04615070000000
102,Oroville Union High, 0.7587 ," 18,759,436 "," 2,846,557 "," 1,957,547 "," 24,031,732 ",04615150000000
103,Palermo Union Elementary, 0.7795 ," 9,875,453 "," 1,555,618 "," 1,145,011 "," 12,983,410 ",04615230000000
104,Paradise Unified, 0.6551 ," 26,877,454 "," 3,521,484 "," 1,412,410 "," 32,609,795 ",04615310000000
109,Thermalito Union Elementary, 0.8995 ," 11,967,423 "," 2,152,939 "," 2,091,307 "," 16,496,349 ",04615490000000
110,Pioneer Union Elementary, 0.9372 ," 7,485 "," 86,075 "," 88,903 "," 735,618 ",04733790000000
111,Gridley Unified, 0.7133 ," 16,672,637 "," 2,378,518 "," 1,361,322 "," 20,687,548 ",04755070000000
113,Bret Harte Union High, 0.3889 ," 5,889,430 "," 458,080 ", - ," 6,626,922 ",05615560000000
114,Calaveras Unified, 0.5558 ," 22,472,807 "," 2,498,077 "," 65,171 "," 26,373,691 ",05615640000000
115,Mark Twain Union Elementary, 0.6197 ," 6,133,750 "," 760,218 "," 213,761 "," 7,261,995 ",05615720000000
116,Vallecito Union, 0.4504 ," 4,343,290 "," 391,243 ", - ," 5,023,762 ",05615800000000
117,Colusa Unified, 0.7273 ," 11,907,000 "," 1,731,992 "," 1,055,556 "," 14,812,590 ",06615980000000
118,Maxwell Unified, 0.7447 ," 1,843,508 "," 409,643 "," 267,749 "," 3,855,100 ",06616060000000
119,Pierce Joint Unified, 0.7259 ," 11,464,077 "," 1,724,979 "," 1,044,992 "," 14,988,413 ",06616140000000
120,Williams Unified, 0.9141 ," 10,355,097 "," 1,893,119 "," 1,885,145 "," 14,213,782 ",06616220000000
128,Acalanes Union High, 0.0687 ," 50,524,763 "," 694,210 ", - ," 51,218,973 ",07616300000000
129,Antioch Unified, 0.7233 ," 132,139,554 "," 19,115,308 "," 11,449,892 "," 163,940,485 ",07616480000000
133,Brentwood Union Elementary, 0.3080 ," 70,339,158 "," 4,332,893 ", - ," 74,984,663 ",07616550000000
134,Byron Union Elementary, 0.2964 ," 11,927,743 "," 707,077 ", - ," 12,735,947 ",07616630000000
136,Canyon Elementary, 0.0660 ," 536,617 "," 7,084 ", - ," 547,995 ",07616710000000
137,John Swett Unified, 0.6874 ," 12,016,661 "," 1,652,051 "," 825,544 "," 14,707,704 ",07616970000000
138,Knightsen Elementary, 0.3719 ," 4,821,163 "," 358,598 ", - ," 5,244,470 ",07617050000000
139,Lafayette Elementary, 0.0520 ," 27,441,094 "," 285,387 ", - ," 27,915,450 ",07617130000000
140,Liberty Union High, 0.3100 ," 73,100,988 "," 4,532,261 ", - ," 77,972,779 ",07617210000000
141,Martinez Unified, 0.2896 ," 33,342,347 "," 1,931,189 ", - ," 35,294,239 ",07617390000000
142,Moraga Elementary, 0.0505 ," 14,316,667 "," 144,598 ", - ," 14,493,367 ",07617470000000
143,Mt. Diablo Unified, 0.4943 ," 246,624,342 "," 24,381,282 ", - ," 274,901,661 ",07617540000000
145,Oakley Union Elementary, 0.4793 ," 39,948,452 "," 3,829,459 ", - ," 44,025,660 ",07617620000000
146,Orinda Union Elementary, 0.0301 ," 19,530,490 "," 117,574 ", - ," 19,648,064 ",07617700000000
147,Pittsburg Unified, 0.7764 ," 91,451,805 "," 14,200,637 "," 10,352,344 "," 116,507,365 ",07617880000000
148,West Contra Costa Unified, 0.7365 ," 220,781,906 "," 32,521,176 "," 20,587,912 "," 278,594,039 ",07617960000000
159,San Ramon Valley Unified, 0.0947 ," 262,754,520 "," 4,976,571 ", - ," 269,497,053 ",07618040000000
160,Walnut Creek Elementary, 0.1847 ," 27,483,606 "," 1,015,244 ", - ," 28,498,850 ",07618120000000
163,Del Norte County Unified, 0.6756 ," 28,385,804 "," 3,835,489 "," 1,782,629 "," 35,007,393 ",08618200000000
168,Buckeye Union Elementary, 0.1805 ," 32,442,053 "," 1,171,158 ", - ," 34,300,921 ",09618380000000
174,Camino Union Elementary, 0.5658 ," 3,100,237 "," 350,823 "," 24,492 "," 3,669,417 ",09618460000000
176,El Dorado Union High, 0.2054 ," 58,747,385 "," 2,413,343 ", - ," 62,051,091 ",09618530000000
178,Gold Oak Union Elementary, 0.3909 ," 3,616,364 "," 282,728 ", - ," 4,136,350 ",09618790000000
179,Gold Trail Union Elementary, 0.2960 ," 5,373,193 "," 318,093 ", - ," 5,907,967 ",09618870000000
180,Indian Diggings Elementary, 0.3333 , - ," 9,985 ", - ," 176,608 ",09618950000000
181,Lake Tahoe Unified, 0.6169 ," 30,159,053 "," 3,721,024 "," 1,008,821 "," 35,754,749 ",09619030000000
182,Latrobe, 0.0849 ," 1,109,668 "," 18,842 ", - ," 1,159,326 ",09619110000000
183,Mother Lode Union Elementary, 0.5979 ," 7,937,344 "," 949,148 "," 190,099 "," 9,491,505 ",09619290000000
184,Pioneer Union Elementary, 0.6205 ," 2,219,331 "," 292,874 "," 83,189 "," 3,003,124 ",09619450000000
185,Placerville Union Elementary, 0.5526 ," 9,941,665 "," 1,098,752 "," 12,923 "," 11,361,309 ",09619520000000
186,Pollock Pines Elementary, 0.5077 ," 5,246,697 "," 532,750 ", - ," 6,125,504 ",09619600000000
187,Rescue Union Elementary, 0.1777 ," 28,045,359 "," 996,731 ", - ," 29,625,447 ",09619780000000
188,Silver Fork Elementary, 0.4828 ," 76,833 "," 7,420 ", - ," 101,120 ",09619860000000
189,Black Oak Mine Unified, 0.4546 ," 8,266,094 "," 763,082 ", - ," 9,769,706 ",09737830000000
197,Alvina Elementary, 0.7955 ," 1,562,085 "," 248,528 "," 191,746 "," 2,042,966 ",10619940000000
198,Big Creek Elementary, 0.2327 ," 354,661 "," 16,506 ", - ," 423,012 ",10620260000000
199,Burrel Union Elementary, 0.9517 ," 944,786 "," 179,830 "," 189,760 "," 1,389,956 ",10620420000000
200,Clay Joint Elementary, 0.1618 ," 1,941,908 "," 62,840 ", - ," 2,041,807 ",10621090000000
201,Clovis Unified, 0.4367 ," 342,764,612 "," 29,937,061 ", - ," 376,540,614 ",10621170000000
203,Coalinga-Huron Unified, 0.8551 ," 34,988,999 "," 5,983,818 "," 5,337,572 "," 46,954,996 ",10621250000000
204,Fowler Unified, 0.7758 ," 20,883,483 "," 3,240,282 "," 2,357,745 "," 26,977,242 ",10621580000000
205,Fresno Unified, 0.8922 ," 555,506,414 "," 99,124,564 "," 95,047,148 "," 758,307,550 ",10621660000000
213,Kingsburg Elementary Charter, 0.6075 ," 17,734,491 "," 2,154,741 "," 509,867 "," 20,697,576 ",10622400000000
214,Kingsburg Joint Union High, 0.4877 ," 10,431,425 "," 1,017,481 ", - ," 11,691,309 ",10622570000000
215,Kings Canyon Joint Unified, 0.8587 ," 77,167,520 "," 13,252,749 "," 11,910,807 "," 104,383,463 ",10622650000000
218,Laton Joint Unified, 0.8660 ," 5,510,514 "," 954,421 "," 870,661 "," 7,569,883 ",10622810000000
219,Monroe Elementary, 0.9476 ," 1,275,382 "," 241,710 "," 253,546 "," 1,832,921 ",10623230000000
220,Orange Center, 0.9748 ," 2,402,421 "," 468,376 "," 510,275 "," 3,458,469 ",10623310000000
223,Pacific Union Elementary, 0.8966 ," 3,104,124 "," 556,632 "," 537,945 "," 4,351,373 ",10623560000000
224,Parlier Unified, 0.9833 ," 27,598,475 "," 5,427,516 "," 5,979,210 "," 39,416,236 ",10623640000000
225,Pine Ridge Elementary, 0.2290 ," 503,171 "," 23,045 ", - ," 597,392 ",10623720000000
226,Raisin City Elementary, 0.9826 ," 2,259,866 "," 444,109 "," 488,810 "," 3,306,398 ",10623800000000
231,Sanger Unified, 0.7617 ," 87,380,533 "," 13,311,550 "," 9,249,229 "," 110,970,247 ",10624140000000
235,Selma Unified, 0.8419 ," 51,653,258 "," 8,697,376 "," 7,538,793 "," 68,578,039 ",10624300000000
236,Washington Colony Elementary, 0.8846 ," 3,513,298 "," 621,573 "," 587,775 "," 4,785,054 ",10625130000000
237,West Park Elementary, 0.9367 ," 2,958,333 "," 554,215 "," 571,994 "," 4,201,239 ",10625390000000
239,Westside Elementary, 0.9540 ," 1,623,506 "," 309,766 "," 327,948 "," 2,492,025 ",10625470000000
242,Firebaugh-Las Deltas Unified, 0.9142 ," 18,309,058 "," 3,347,628 "," 3,334,080 "," 25,340,295 ",10738090000000
243,Central Unified, 0.7092 ," 125,901,619 "," 17,857,885 "," 10,021,770 "," 155,648,157 ",10739650000000
244,Kerman Unified, 0.8454 ," 42,171,546 "," 7,130,365 "," 6,228,738 "," 56,329,707 ",10739990000000
245,Mendota Unified, 0.9921 ," 27,409,992 "," 5,438,691 "," 6,058,980 "," 39,253,752 ",10751270000000
246,Golden Plains Unified, 0.9701 ," 13,315,486 "," 2,583,471 "," 2,796,918 "," 19,425,237 ",10752340000000
247,Sierra Unified, 0.4793 ," 10,114,899 "," 969,615 ", - ," 12,241,774 ",10752750000000
248,Riverdale Joint Unified, 0.8561 ," 13,009,737 "," 2,227,527 "," 1,991,141 "," 17,748,044 ",10754080000000
249,Caruthers Unified, 0.9025 ," 12,312,221 "," 2,222,355 "," 2,170,029 "," 17,095,553 ",10755980000000
250,Washington Unified, 0.9026 ," 21,250,671 "," 3,836,172 "," 3,746,493 "," 29,479,062 ",10767780000000
255,Capay Joint Union Elementary, 0.4914 ," 1,571,607 "," 154,458 ", - ," 1,755,373 ",11625540000000
256,Lake Elementary, 0.4328 ," 1,434,521 "," 124,172 ", - ," 1,579,742 ",11625960000000
257,Plaza Elementary, 0.5179 ," 1,605,701 "," 166,318 ", - ," 1,798,621 ",11626380000000
258,Princeton Joint Unified, 0.7250 ," 221,040 "," 195,594 "," 118,031 "," 2,148,521 ",11626460000000
259,Stony Creek Joint Unified, 0.8893 ," 86,221 "," 114,262 "," 108,987 "," 1,608,277 ",11626530000000
260,Willows Unified, 0.6882 ," 11,768,497 "," 1,619,817 "," 813,202 "," 14,322,842 ",11626610000000
261,Orland Joint Unified, 0.7922 ," 18,202,100 "," 2,883,941 "," 2,204,273 "," 23,538,290 ",11754810000000
262,Hamilton Unified, 0.8173 ," 5,890,667 "," 962,888 "," 787,287 "," 7,723,898 ",11765620000000
265,Arcata Elementary, 0.6490 ," 3,964,101 "," 514,541 "," 196,223 "," 4,823,362 ",12626790000000
270,Northern Humboldt Union High, 0.3947 ," 13,239,562 "," 1,045,131 ", - ," 14,533,716 ",12626870000000
273,Big Lagoon Union Elementary, 0.6667 ," 131,237 "," 17,498 "," 7,658 "," 198,184 ",12626950000000
274,Blue Lake Union Elementary, 0.6223 ," 1,378,849 "," 171,611 "," 49,845 "," 1,634,717 ",12627030000000
275,Bridgeville Elementary, 0.8125 , - ," 37,435 "," 30,235 "," 452,133 ",12627290000000
276,Cuddeback Union Elementary, 0.4682 ," 1,143,348 "," 107,063 ", - ," 1,289,412 ",12627370000000
277,Cutten Elementary, 0.4267 ," 4,717,092 "," 402,556 ", - ," 5,199,795 ",12627450000000
278,Fieldbrook Elementary, 0.4747 ," 1,122,979 "," 106,616 ", - ," 1,229,595 ",12627940000000
279,Fortuna Union High, 0.5133 ," 9,721,327 "," 997,991 ", - ," 10,924,844 ",12628100000000
280,Freshwater Elementary, 0.4025 ," 2,302,087 "," 185,318 ", - ," 2,562,451 ",12628280000000
282,Garfield Elementary, 0.2103 ," 486,600 "," 20,467 ", - ," 509,698 ",12628360000000
283,Green Point Elementary, 0.8605 , - ," 22,695 "," 20,473 "," 223,998 ",12628510000000
284,Hydesville Elementary, 0.3161 ," 1,441,467 "," 91,130 ", - ," 1,553,014 ",12628850000000
285,Jacoby Creek Elementary, 0.2437 ," 3,577,215 "," 174,354 ", - ," 3,794,193 ",12628930000000
286,Klamath-Trinity Joint Unified, 0.8462 ," 4,656,900 "," 1,287,766 "," 1,126,910 "," 11,038,503 ",12629010000000
287,Kneeland Elementary, 0.3273 , - ," 8,086 ", - ," 208,184 ",12629190000000
288,Loleta Union Elementary, 0.9451 ," 873,354 "," 165,081 "," 172,531 "," 1,231,958 ",12629270000000
289,Maple Creek Elementary, 0.7143 , - ," 7,217 "," 4,150 "," 324,616 ",12629350000000
290,McKinleyville Union Elementary, 0.5861 ," 8,722,669 "," 1,022,470 "," 157,444 "," 10,128,350 ",12629500000000
291,Orick Elementary, 0.8070 , - ," 24,172 "," 19,245 "," 215,058 ",12629680000000
292,Pacific Union Elementary, 0.5201 ," 4,248,756 "," 441,956 ", - ," 4,772,218 ",12629760000000
294,Peninsula Union, 0.8889 , - ," 50,019 "," 47,676 "," 456,938 ",12629840000000
295,Rio Dell Elementary, 0.7600 ," 2,474,117 "," 376,066 "," 259,781 "," 3,112,528 ",12630080000000
296,Scotia Union Elementary, 0.6425 ," 1,467,219 "," 188,538 "," 67,859 "," 1,762,887 ",12630240000000
297,South Bay Union Elementary, 0.7068 ," 3,263,073 "," 461,268 "," 255,825 "," 4,044,601 ",12630320000000
300,Southern Humboldt Joint Unified, 0.5365 ," 3,539,224 "," 619,327 ", - ," 7,842,738 ",12630400000000
301,Trinidad Union Elementary, 0.5781 ," 1,524,199 "," 176,228 "," 21,414 "," 1,740,775 ",12630570000000
302,Ferndale Unified, 0.5124 ," 2,581,220 "," 412,250 ", - ," 4,864,581 ",12753740000000
303,Mattole Unified, 0.4151 , - ," 33,226 ", - ," 1,145,467 ",12753820000000
304,Eureka City Schools, 0.6873 ," 29,522,142 "," 4,058,115 "," 2,026,695 "," 36,202,599 ",12755150000000
306,Fortuna Elementary, 0.7387 ," 8,694,916 "," 1,284,587 "," 820,365 "," 10,922,299 ",12768020000000
309,Brawley Elementary, 0.8748 ," 30,907,398 "," 5,407,558 "," 5,019,361 "," 41,872,976 ",13630730000000
310,Brawley Union High, 0.7505 ," 17,474,568 "," 2,622,933 "," 1,751,825 "," 22,013,516 ",13630810000000
311,Calexico Unified, 0.9112 ," 75,168,835 "," 13,698,769 "," 13,575,492 "," 102,635,962 ",13630990000000
312,Calipatria Unified, 0.8476 ," 9,406,873 "," 1,594,653 "," 1,399,743 "," 12,820,762 ",13631070000000
313,Central Union High, 0.7581 ," 37,644,653 "," 5,707,682 "," 3,916,926 "," 47,612,804 ",13631150000000
314,El Centro Elementary, 0.8755 ," 40,883,632 "," 7,158,724 "," 6,653,811 "," 55,593,747 ",13631230000000
317,Heber Elementary, 0.9235 ," 9,623,824 "," 1,777,521 "," 1,797,250 "," 13,266,362 ",13631310000000
318,Holtville Unified, 0.7782 ," 12,773,840 "," 1,988,121 "," 1,457,496 "," 16,573,158 ",13631490000000
319,Imperial Unified, 0.5586 ," 34,706,732 "," 3,877,436 "," 149,238 "," 39,003,922 ",13631640000000
320,Magnolia Union Elementary, 0.1432 ," 1,088,737 "," 31,181 ", - ," 1,150,725 ",13631720000000
321,McCabe Union Elementary, 0.3925 ," 10,714,502 "," 841,089 ", - ," 11,647,290 ",13631800000000
322,Meadows Union Elementary, 0.7707 ," 3,843,966 "," 592,509 "," 424,181 "," 4,956,067 ",13631980000000
323,Mulberry Elementary, 0.5224 , - ," 62,033 ", - ," 795,360 ",13632060000000
324,San Pasqual Valley Unified, 0.9452 ," 3,888,247 "," 1,065,151 "," 1,113,383 "," 8,527,669 ",13632140000000
325,Seeley Union Elementary, 0.8986 ," 2,838,800 "," 510,189 "," 494,802 "," 3,915,796 ",13632220000000
326,Westmorland Union Elementary, 0.9537 ," 3,126,083 "," 596,268 "," 631,000 "," 4,423,898 ",13632300000000
330,Big Pine Unified, 0.7720 ," 856,188 "," 174,801 "," 125,666 "," 1,899,773 ",14632480000000
331,Death Valley Unified, 0.8421 ," 30,498 "," 40,548 "," 35,161 "," 1,011,138 ",14632710000000
332,Lone Pine Unified, 0.6778 ," 1,657,936 "," 334,543 "," 157,696 "," 3,656,038 ",14632890000000
333,Owens Valley Unified, 0.5906 ," 466,933 "," 83,960 "," 14,429 "," 1,290,966 ",14632970000000
334,Round Valley Joint Elementary, 0.4306 ," 600,604 "," 51,725 ", - ," 684,065 ",14633050000000
335,Bishop Unified, 0.5422 ," 15,611,833 "," 1,696,334 ", - ," 18,211,196 ",14766870000000
340,Arvin Union, 0.9714 ," 23,711,447 "," 4,606,660 "," 4,996,003 "," 33,517,570 ",15633130000000
341,Bakersfield City, 0.9032 ," 233,217,150 "," 42,128,346 "," 41,186,148 "," 325,629,409 ",15633210000000
342,Beardsley Elementary, 0.8917 ," 14,574,957 "," 2,599,298 "," 2,490,131 "," 19,861,132 ",15633390000000
343,Belridge Elementary, 0.8148 ," 334,316 "," 54,480 "," 44,263 "," 474,484 ",15633470000000
344,Blake Elementary, 0.5946 , - ," 12,535 "," 2,351 "," 179,347 ",15633540000000
345,Panama-Buena Vista Union, 0.7039 ," 141,477,378 "," 19,917,186 "," 10,886,685 "," 172,715,636 ",15633620000000
346,Buttonwillow Union Elementary, 0.9113 ," 2,721,059 "," 495,939 "," 491,559 "," 3,846,899 ",15633700000000
347,Caliente Union Elementary, 0.7133 , - ," 50,693 "," 29,014 "," 452,289 ",15633880000000
348,Delano Union Elementary, 0.8618 ," 41,784,163 "," 7,201,918 "," 6,514,151 "," 57,556,512 ",15634040000000
352,Delano Joint Union High, 0.9233 ," 38,273,926 "," 7,067,663 "," 7,143,828 "," 53,684,522 ",15634120000000
353,Di Giorgio Elementary, 0.9851 ," 1,627,838 "," 320,717 "," 354,136 "," 2,361,120 ",15634200000000
354,Edison Elementary, 0.9238 ," 8,141,953 "," 1,504,307 "," 1,521,732 "," 11,248,214 ",15634380000000
355,Elk Hills Elementary, 0.6798 ," 1,423,027 "," 193,474 "," 92,354 "," 1,735,085 ",15634460000000
356,Fairfax Elementary, 0.9159 ," 20,457,454 "," 3,747,396 "," 3,742,691 "," 28,094,390 ",15634610000000
357,Fruitvale Elementary, 0.4883 ," 24,795,247 "," 2,421,504 ", - ," 27,338,171 ",15634790000000
358,General Shafter Elementary, 0.7856 ," 1,234,927 "," 194,031 "," 145,475 "," 1,651,024 ",15634870000000
359,Greenfield Union, 0.9073 ," 72,110,457 "," 13,085,164 "," 12,882,533 "," 98,577,264 ",15635030000000
360,Kern High, 0.6871 ," 351,413,929 "," 48,291,302 "," 24,089,425 "," 425,994,159 ",15635290000000
362,Kernville Union Elementary, 0.7701 ," 6,680,679 "," 1,028,958 "," 735,209 "," 8,681,448 ",15635450000000
363,Lakeside Union, 0.6850 ," 10,689,900 "," 1,464,517 "," 721,569 "," 13,084,991 ",15635520000000
364,Lamont Elementary, 0.9516 ," 23,552,380 "," 4,482,489 "," 4,729,318 "," 33,083,384 ",15635600000000
365,Richland Union Elementary, 0.9095 ," 23,155,004 "," 4,211,895 "," 4,162,113 "," 31,847,142 ",15635780000000
367,Linns Valley-Poso Flat Union, 0.4706 ," 183,034 "," 17,227 ", - ," 229,118 ",15635860000000
368,Lost Hills Union Elementary, 0.8827 ," 3,408,612 "," 601,756 "," 567,022 "," 4,733,467 ",15635940000000
369,Maple Elementary, 0.5832 ," 2,221,137 "," 259,073 "," 36,871 "," 2,559,516 ",15636100000000
370,Maricopa Unified, 0.9015 ," 1,642,774 "," 430,640 "," 419,772 "," 3,720,381 ",15636280000000
376,McKittrick Elementary, 0.3144 ," 170,676 "," 10,732 ", - ," 201,374 ",15636510000000
377,Midway Elementary, 0.5320 ," 427,125 "," 45,446 ", - ," 537,826 ",15636690000000
378,Mojave Unified, 0.8656 ," 22,097,439 "," 3,825,508 "," 3,486,976 "," 30,270,719 ",15636770000000
379,Muroc Joint Unified, 0.3163 ," 12,872,353 "," 911,160 ", - ," 16,076,733 ",15636850000000
380,Norris Elementary, 0.2632 ," 32,406,029 "," 1,705,853 ", - ," 34,322,243 ",15636930000000
381,Pond Union Elementary, 0.9354 ," 1,471,286 "," 275,247 "," 283,516 "," 2,230,448 ",15637190000000
382,Rosedale Union Elementary, 0.3240 ," 44,424,598 "," 2,878,714 ", - ," 47,671,597 ",15637500000000
383,Semitropic Elementary, 0.9298 ," 1,588,899 "," 295,472 "," 301,732 "," 2,438,914 ",15637680000000
384,Southern Kern Unified, 0.7278 ," 27,670,846 "," 4,027,768 "," 2,459,938 "," 34,573,917 ",15637760000000
385,South Fork Union, 0.7784 ," 1,939,182 "," 301,891 "," 221,455 "," 2,553,833 ",15637840000000
386,Standard Elementary, 0.8254 ," 23,100,274 "," 3,813,393 "," 3,180,907 "," 30,254,393 ",15637920000000
387,Taft City, 0.8448 ," 17,631,233 "," 2,978,973 "," 2,598,844 "," 23,589,164 ",15638000000000
388,Taft Union High, 0.6439 ," 9,016,327 "," 1,161,123 "," 423,317 "," 10,672,243 ",15638180000000
389,Tehachapi Unified, 0.4308 ," 34,644,990 "," 2,985,013 ", - ," 38,418,907 ",15638260000000
390,Vineland Elementary, 0.9995 ," 5,356,995 "," 1,070,864 "," 1,203,984 "," 7,738,320 ",15638340000000
391,Wasco Union Elementary, 0.9108 ," 28,094,682 "," 5,117,727 "," 5,068,280 "," 38,544,800 ",15638420000000
392,Wasco Union High, 0.8067 ," 16,663,901 "," 2,688,554 "," 2,138,812 "," 21,805,405 ",15638590000000
393,Rio Bravo-Greeley Union Elementary, 0.5108 ," 8,186,764 "," 836,360 ", - ," 9,201,918 ",15735440000000
394,Sierra Sands Unified, 0.5745 ," 40,541,934 "," 4,658,268 "," 496,638 "," 46,442,948 ",15737420000000
395,McFarland Unified, 0.9171 ," 28,202,953 "," 5,172,985 "," 5,176,652 "," 39,436,966 ",15739080000000
396,El Tejon Unified, 0.6586 ," 5,903,346 "," 777,589 "," 320,552 "," 7,486,290 ",15751680000000
398,Armona Union Elementary, 0.9522 ," 7,384,589 "," 1,406,322 "," 1,485,041 "," 10,421,496 ",16638750000000
401,Central Union Elementary, 0.5297 ," 14,279,624 "," 1,512,783 ", - ," 16,065,615 ",16638830000000
402,Corcoran Joint Unified, 0.8694 ," 26,258,202 "," 4,565,775 "," 4,193,434 "," 35,290,011 ",16638910000000
403,Hanford Elementary, 0.8352 ," 43,044,826 "," 7,190,207 "," 6,138,192 "," 56,963,014 ",16639170000000
405,Hanford Joint Union High, 0.6344 ," 34,438,506 "," 4,369,558 "," 1,453,305 "," 40,529,216 ",16639250000000
407,Island Union Elementary, 0.3700 ," 3,344,330 "," 247,481 ", - ," 3,679,193 ",16639330000000
408,Kings River-Hardwick Union Elementary, 0.3213 ," 6,567,785 "," 422,046 ", - ," 7,142,149 ",16639410000000
409,Kit Carson Union Elementary, 0.7623 ," 2,909,652 "," 443,605 "," 308,859 "," 3,802,493 ",16639580000000
412,Lakeside Union Elementary, 0.9434 ," 2,485,513 "," 468,967 "," 488,900 "," 3,546,490 ",16639660000000
413,Lemoore Union Elementary, 0.7040 ," 24,277,112 "," 3,418,218 "," 1,869,337 "," 29,821,479 ",16639740000000
415,Lemoore Union High, 0.5425 ," 17,201,225 "," 1,866,333 ", - ," 19,297,817 ",16639820000000
418,Pioneer Union Elementary, 0.4546 ," 12,212,703 "," 1,110,379 ", - ," 13,444,150 ",16639900000000
419,Reef-Sunset Unified, 0.9512 ," 21,185,685 "," 4,030,364 "," 4,249,850 "," 29,679,341 ",16739320000000
420,Kelseyville Unified, 0.7888 ," 13,343,029 "," 2,104,997 "," 1,593,158 "," 17,405,029 ",17640140000000
421,Konocti Unified, 0.8464 ," 27,064,697 "," 4,581,511 "," 4,010,988 "," 36,319,156 ",17640220000000
422,Lakeport Unified, 0.6532 ," 11,904,501 "," 1,555,204 "," 614,272 "," 14,184,397 ",17640300000000
423,Lucerne Elementary, 0.9031 ," 1,934,424 "," 349,395 "," 341,522 "," 2,643,053 ",17640480000000
424,Middletown Unified, 0.5371 ," 11,757,593 "," 1,263,000 ", - ," 13,245,223 ",17640550000000
427,Upper Lake Unified, 0.7821 ," 6,477,904 "," 1,013,273 "," 751,762 "," 8,469,519 ",17769760000000
428,Big Valley Joint Unified, 0.6448 ," 624,576 "," 138,578 "," 50,935 "," 1,805,279 ",18640890000000
429,Janesville Union Elementary, 0.3929 ," 2,827,747 "," 222,204 ", - ," 3,119,543 ",18641050000000
430,Johnstonville Elementary, 0.5084 ," 1,483,266 "," 150,819 ", - ," 1,667,328 ",18641130000000
431,Lassen Union High, 0.3314 ," 7,108,674 "," 471,163 ", - ," 7,895,389 ",18641390000000
432,Ravendale-Termo Elementary, 0.9565 , - ," 9,724 "," 10,331 "," 211,543 ",18641620000000
435,Richmond Elementary, 0.0872 ," 1,698,288 "," 29,619 ", - ," 1,739,888 ",18641700000000
436,Shaffer Union Elementary, 0.7393 ," 1,473,396 "," 217,856 "," 139,457 "," 1,927,368 ",18641880000000
437,Susanville Elementary, 0.5682 ," 8,345,789 "," 948,416 "," 75,946 "," 9,544,387 ",18641960000000
438,Westwood Unified, 0.6630 ," 928,655 "," 185,528 "," 79,051 "," 2,087,345 ",18642040000000
439,Fort Sage Unified, 0.6603 ," 712,373 "," 147,874 "," 61,754 "," 1,883,560 ",18750360000000
463,ABC Unified, 0.5513 ," 166,507,272 "," 18,359,092 "," 108,230 "," 187,079,398 ",19642120000000
464,Antelope Valley Union High, 0.7029 ," 182,320,303 "," 25,630,588 "," 13,938,387 "," 223,857,046 ",19642460000000
467,Arcadia Unified, 0.3264 ," 77,155,495 "," 5,036,710 ", - ," 82,974,760 ",19642610000000
468,Azusa Unified, 0.8390 ," 66,857,686 "," 11,218,720 "," 9,660,936 "," 89,000,248 ",19642790000000
469,Baldwin Park Unified, 0.9193 ," 104,419,410 "," 19,198,553 "," 19,281,044 "," 144,521,088 ",19642870000000
471,Bassett Unified, 0.9159 ," 28,368,503 "," 5,196,543 "," 5,190,017 "," 39,215,698 ",19642950000000
472,Bellflower Unified, 0.7110 ," 96,507,380 "," 13,723,350 "," 7,768,844 "," 118,978,470 ",19643030000000
473,Beverly Hills Unified, 0.1859 ," 31,631,990 "," 1,176,077 ", - ," 32,808,067 ",19643110000000
474,Bonita Unified, 0.3908 ," 81,718,250 "," 6,387,098 ", - ," 89,744,445 ",19643290000000
475,Burbank Unified, 0.3934 ," 122,634,302 "," 9,648,867 ", - ," 133,460,791 ",19643370000000
476,Castaic Union, 0.3314 ," 16,489,719 "," 1,092,939 ", - ," 17,771,409 ",19643450000000
477,Centinela Valley Union High, 0.8616 ," 55,817,176 "," 9,618,416 "," 8,696,316 "," 74,902,164 ",19643520000000
480,Charter Oak Unified, 0.5838 ," 38,771,731 "," 4,526,988 "," 655,242 "," 44,561,802 ",19643780000000
481,Claremont Unified, 0.3800 ," 57,247,731 "," 4,350,828 ", - ," 62,389,009 ",19643940000000
482,Covina-Valley Unified, 0.6990 ," 96,373,844 "," 13,473,064 "," 7,179,851 "," 118,820,744 ",19644360000000
483,Culver City Unified, 0.3693 ," 57,398,309 "," 4,239,439 ", - ," 61,764,279 ",19644440000000
484,Downey Unified, 0.7128 ," 178,110,468 "," 25,391,428 "," 14,498,191 "," 220,112,798 ",19644510000000
485,Duarte Unified, 0.7325 ," 28,308,318 "," 4,147,168 "," 2,583,134 "," 35,409,532 ",19644690000000
488,Eastside Union Elementary, 0.8920 ," 25,496,088 "," 4,548,502 "," 4,359,831 "," 35,129,755 ",19644770000000
489,East Whittier City Elementary, 0.5511 ," 66,281,774 "," 7,305,577 "," 36,456 "," 74,622,576 ",19644850000000
490,El Monte City, 0.9300 ," 64,256,583 "," 11,951,724 "," 12,208,751 "," 89,546,291 ",19645010000000
491,El Monte Union High, 0.8943 ," 78,995,053 "," 14,129,055 "," 13,598,998 "," 107,504,993 ",19645190000000
492,El Rancho Unified, 0.7600 ," 69,414,833 "," 10,551,054 "," 7,288,558 "," 88,263,225 ",19645270000000
493,El Segundo Unified, 0.1673 ," 28,315,774 "," 947,446 ", - ," 29,312,270 ",19645350000000
494,Garvey Elementary, 0.8585 ," 35,779,197 "," 6,143,288 "," 5,518,940 "," 47,652,965 ",19645500000000
495,Glendale Unified, 0.5563 ," 209,682,885 "," 23,329,318 "," 660,501 "," 235,558,918 ",19645680000000
496,Glendora Unified, 0.3052 ," 60,264,016 "," 3,678,515 ", - ," 64,674,290 ",19645760000000
497,Gorman Joint, 0.7004 ," 590,615 "," 82,733 "," 44,415 "," 774,525 ",19645840000000
499,Hawthorne, 0.8920 ," 59,336,713 "," 10,585,669 "," 10,146,578 "," 81,234,590 ",19645920000000
501,Hermosa Beach City Elementary, 0.0551 ," 10,359,942 "," 114,166 ", - ," 10,474,108 ",19646000000000
502,Hughes-Elizabeth Lakes Union Elementary, 0.3582 ," 1,468,136 "," 105,177 ", - ," 1,784,915 ",19646260000000
503,Inglewood Unified, 0.8735 ," 66,333,590 "," 11,588,479 "," 10,729,459 "," 89,912,409 ",19646340000000
513,Keppel Union Elementary, 0.8987 ," 19,893,295 "," 3,575,621 "," 3,468,395 "," 27,948,228 ",19646420000000
515,La Canada Unified, 0.0811 ," 33,869,740 "," 549,367 ", - ," 34,452,267 ",19646590000000
516,Lancaster Elementary, 0.8755 ," 105,247,599 "," 18,428,855 "," 17,129,047 "," 142,454,124 ",19646670000000
519,Las Virgenes Unified, 0.1555 ," 91,259,522 "," 2,838,171 ", - ," 95,617,389 ",19646830000000
520,Lawndale Elementary, 0.8578 ," 41,418,508 "," 7,105,760 "," 6,374,309 "," 55,344,949 ",19646910000000
522,Lennox, 0.9521 ," 40,566,718 "," 7,724,714 "," 8,155,938 "," 56,715,378 ",19647090000000
527,Little Lake City Elementary, 0.7187 ," 33,808,778 "," 4,859,673 "," 2,851,771 "," 42,079,980 ",19647170000000
528,Long Beach Unified, 0.6885 ," 593,009,364 "," 81,657,390 "," 41,065,899 "," 730,408,551 ",19647250000000
531,Los Angeles Unified, 0.8547 ," 3,580,789,986 "," 612,100,240 "," 545,533,354 "," 5,276,442,723 ",19647330000000
808,Los Nietos, 0.9005 ," 12,376,532 "," 2,229,013 "," 2,168,987 "," 16,976,471 ",19647580000000
809,Lowell Joint, 0.4114 ," 24,264,319 "," 1,996,468 ", - ," 26,557,472 ",19647660000000
810,Lynwood Unified, 0.9353 ," 112,203,260 "," 20,988,742 "," 21,615,958 "," 157,657,495 ",19647740000000
811,Monrovia Unified, 0.6000 ," 44,177,318 "," 5,301,278 "," 1,104,434 "," 51,214,567 ",19647900000000
812,Montebello Unified, 0.8659 ," 209,957,104 "," 36,360,372 "," 33,162,725 "," 281,299,013 ",19648080000000
813,Mountain View Elementary, 0.9499 ," 50,984,377 "," 9,686,012 "," 10,194,326 "," 71,643,235 ",19648160000000
814,Newhall, 0.4424 ," 50,186,731 "," 4,440,522 ", - ," 55,130,062 ",19648320000000
815,Norwalk-La Mirada Unified, 0.7418 ," 143,201,616 "," 21,245,391 "," 13,733,035 "," 182,350,493 ",19648400000000
816,Palmdale Elementary, 0.8776 ," 144,096,490 "," 25,291,817 "," 23,603,005 "," 194,359,543 ",19648570000000
819,Palos Verdes Peninsula Unified, 0.1297 ," 92,526,076 "," 2,400,126 ", - ," 95,255,256 ",19648650000000
820,Paramount Unified, 0.9503 ," 122,267,102 "," 23,238,086 "," 24,471,760 "," 171,198,281 ",19648730000000
821,Pasadena Unified, 0.6344 ," 133,240,504 "," 16,905,554 "," 5,622,749 "," 160,719,931 ",19648810000000
827,Pomona Unified, 0.8779 ," 185,001,353 "," 32,482,537 "," 30,330,972 "," 249,539,209 ",19649070000000
830,Rosemead Elementary, 0.8565 ," 18,964,414 "," 3,248,605 "," 2,906,296 "," 25,400,917 ",19649310000000
831,San Marino Unified, 0.1579 ," 25,153,912 "," 794,361 ", - ," 26,137,924 ",19649640000000
832,Santa Monica-Malibu Unified, 0.2825 ," 85,937,323 "," 4,855,459 ", - ," 92,042,812 ",19649800000000
833,Saugus Union, 0.2784 ," 76,667,358 "," 4,268,838 ", - ," 81,756,458 ",19649980000000
834,South Pasadena Unified, 0.2074 ," 38,934,228 "," 1,614,992 ", - ," 40,868,149 ",19650290000000
835,South Whittier Elementary, 0.9107 ," 21,056,916 "," 3,835,306 "," 3,797,615 "," 29,091,297 ",19650370000000
836,Sulphur Springs Union, 0.5509 ," 41,265,268 "," 4,546,607 "," 18,569 "," 46,680,607 ",19650450000000
837,Temple City Unified, 0.4851 ," 47,717,775 "," 4,629,578 ", - ," 52,886,549 ",19650520000000
838,Torrance Unified, 0.3820 ," 189,212,276 "," 14,455,817 ", - ," 205,723,291 ",19650600000000
839,Valle Lindo Elementary, 0.8446 ," 8,278,639 "," 1,398,428 "," 1,219,444 "," 10,953,169 ",19650780000000
840,West Covina Unified, 0.7181 ," 72,231,736 "," 10,373,921 "," 6,071,077 "," 89,655,169 ",19650940000000
843,Westside Union Elementary, 0.4935 ," 72,788,299 "," 7,184,206 ", - ," 80,823,516 ",19651020000000
844,Whittier City Elementary, 0.7888 ," 46,333,299 "," 7,309,541 "," 5,532,196 "," 59,946,776 ",19651100000000
845,Whittier Union High, 0.7155 ," 105,611,357 "," 15,112,985 "," 8,739,340 "," 130,894,442 ",19651280000000
846,William S. Hart Union High, 0.2892 ," 190,893,796 "," 11,041,297 ", - ," 203,724,097 ",19651360000000
850,Wilsona Elementary, 0.9481 ," 9,592,887 "," 1,819,004 "," 1,909,464 "," 13,669,708 ",19651510000000
851,Compton Unified, 0.9137 ," 171,301,448 "," 31,303,627 "," 31,151,168 "," 241,626,618 ",19734370000000
859,Hacienda la Puente Unified, 0.7603 ," 148,062,244 "," 22,514,345 "," 15,568,746 "," 189,344,149 ",19734450000000
860,Rowland Unified, 0.7743 ," 109,490,109 "," 16,955,638 "," 12,279,316 "," 140,980,017 ",19734520000000
862,Walnut Valley Unified, 0.2812 ," 117,746,823 "," 6,622,081 ", - ," 126,307,417 ",19734600000000
863,San Gabriel Unified, 0.6380 ," 42,177,667 "," 5,381,870 "," 1,855,818 "," 49,556,329 ",19752910000000
865,Acton-Agua Dulce Unified, 0.5077 ," 8,601,419 "," 873,388 ", - ," 10,020,804 ",19753090000000
881,Manhattan Beach Unified, 0.0555 ," 54,017,735 "," 599,596 ", - ," 54,724,739 ",19753330000000
882,Redondo Beach Unified, 0.1868 ," 80,479,329 "," 3,006,708 ", - ," 83,739,306 ",19753410000000
885,Alhambra Unified, 0.6937 ," 139,246,273 "," 19,319,027 "," 10,004,844 "," 170,292,152 ",19757130000000
887,Wiseburn Unified, 0.4367 ," 19,321,752 "," 1,687,562 ", - ," 21,052,171 ",19768690000000
898,Alview-Dairyland Union Elementary, 0.6511 ," 3,087,970 "," 402,115 "," 156,096 "," 3,839,873 ",20651770000000
899,Bass Lake Joint Union Elementary, 0.5910 ," 6,728,962 "," 795,363 "," 137,944 "," 8,016,036 ",20651850000000
900,Chowchilla Elementary, 0.8200 ," 17,216,828 "," 2,823,560 "," 2,324,272 "," 22,709,327 ",20651930000000
901,Chowchilla Union High, 0.6808 ," 9,733,655 "," 1,325,334 "," 636,581 "," 11,877,044 ",20652010000000
902,Madera Unified, 0.8984 ," 159,616,422 "," 28,679,879 "," 27,805,181 "," 219,315,573 ",20652430000000
907,Raymond-Knowles Union Elementary, 0.6411 ," 6,148 "," 80,647 "," 28,649 "," 847,725 ",20652760000000
908,Golden Valley Unified, 0.4221 ," 16,047,948 "," 1,358,822 ", - ," 18,388,589 ",20755800000000
909,Chawanakee Unified, 0.6063 ," 5,643,286 "," 696,938 "," 161,791 "," 7,546,986 ",20756060000000
912,Yosemite Unified, 0.5122 ," 13,677,592 "," 1,403,697 ", - ," 16,134,381 ",20764140000000
916,Bolinas-Stinson Union, 0.4474 ," 663,015 "," 59,326 ", - ," 792,738 ",21653000000000
917,Dixie Elementary, 0.1901 ," 15,390,453 "," 585,145 ", - ," 16,272,570 ",21653180000000
918,Kentfield Elementary, 0.1119 ," 9,421,754 "," 210,859 ", - ," 9,668,917 ",21653340000000
919,Laguna Joint Elementary, 0.8605 ," 108,923 "," 18,745 "," 16,910 "," 146,102 ",21653420000000
920,Lagunitas Elementary, 0.1375 ," 1,887,966 "," 51,920 ", - ," 1,974,057 ",21653590000000
921,Larkspur-Corte Madera, 0.1162 ," 11,799,372 "," 274,218 ", - ," 12,131,812 ",21653670000000
922,Lincoln Elementary, 0.0870 ," 57,219 ", 996 , - ," 61,323 ",21653750000000
923,Mill Valley Elementary, 0.0738 ," 23,537,679 "," 347,417 ", - ," 23,969,375 ",21653910000000
924,Nicasio, 0.2891 ," 326,313 "," 18,867 ", - ," 349,198 ",21654090000000
925,Novato Unified, 0.3916 ," 61,682,759 "," 4,830,994 ", - ," 67,610,138 ",21654170000000
927,Reed Union Elementary, 0.0668 ," 10,971,992 "," 146,586 ", - ," 11,142,883 ",21654250000000
928,Ross Elementary, 0.0129 ," 3,003,167 "," 7,749 ", - ," 3,071,586 ",21654330000000
929,San Rafael City Elementary, 0.6836 ," 36,374,073 "," 4,973,062 "," 2,429,789 "," 44,467,386 ",21654580000000
930,San Rafael City High, 0.5237 ," 23,300,041 "," 2,440,446 ", - ," 25,740,487 ",21654660000000
931,Sausalito Marin City, 0.8205 ," 989,763 "," 162,420 "," 133,866 "," 1,863,881 ",21654740000000
933,Tamalpais Union High, 0.0968 ," 44,931,663 "," 869,877 ", - ," 46,005,652 ",21654820000000
934,Shoreline Unified, 0.6088 ," 3,170,081 "," 385,989 "," 93,200 "," 4,203,026 ",21733610000000
935,Ross Valley Elementary, 0.1072 ," 15,869,764 "," 340,248 ", - ," 16,328,385 ",21750020000000
937,Mariposa County Unified, 0.6047 ," 12,248,059 "," 1,653,751 "," 373,988 "," 18,566,427 ",22655320000000
939,Anderson Valley Unified, 0.8350 ," 2,622,214 "," 627,669 "," 535,587 "," 5,518,831 ",23655400000000
940,Arena Union Elementary, 0.7983 ," 1,746,359 "," 278,823 "," 216,810 "," 2,340,230 ",23655570000000
942,Fort Bragg Unified, 0.7113 ," 14,131,991 "," 2,010,417 "," 1,139,745 "," 17,626,761 ",23655650000000
944,Manchester Union Elementary, 0.6942 ," 292,932 "," 40,670 "," 21,120 "," 382,358 ",23655730000000
945,Mendocino Unified, 0.4283 ," 3,496,272 "," 299,490 ", - ," 4,187,360 ",23655810000000
946,Point Arena Joint Union High, 0.6147 ," 1,219,152 "," 149,882 "," 39,440 "," 1,579,514 ",23655990000000
947,Round Valley Unified, 0.9264 ," 2,251,024 "," 583,276 "," 592,469 "," 4,840,212 ",23656070000000
949,Ukiah Unified, 0.7642 ," 46,731,117 "," 7,142,383 "," 5,004,903 "," 59,581,978 ",23656150000000
954,Willits Unified, 0.7425 ," 11,404,945 "," 1,761,960 "," 1,142,012 "," 15,333,854 ",23656230000000
958,Potter Valley Community Unified, 0.6679 ," 1,495,895 "," 271,152 "," 119,662 "," 2,976,505 ",23738660000000
959,Laytonville Unified, 0.7152 ," 1,847,235 "," 412,612 "," 238,268 "," 4,211,864 ",23739160000000
960,Leggett Valley Unified, 0.5668 , - ," 108,072 "," 8,008 "," 2,152,389 ",23752180000000
963,Atwater Elementary, 0.8250 ," 39,371,142 "," 6,496,238 "," 5,413,533 "," 51,737,546 ",24656310000000
964,Ballico-Cressey Elementary, 0.6858 ," 388,427 "," 53,277 "," 26,374 "," 543,174 ",24656490000000
966,El Nido Elementary, 0.8669 ," 1,357,812 "," 235,418 "," 215,145 "," 1,894,641 ",24656800000000
967,Hilmar Unified, 0.5935 ," 18,866,732 "," 2,239,480 "," 410,352 "," 21,996,510 ",24656980000000
968,Le Grand Union Elementary, 0.8306 ," 2,983,862 "," 495,679 "," 418,636 "," 3,971,191 ",24657220000000
969,Le Grand Union High, 0.8069 ," 4,485,454 "," 723,863 "," 576,157 "," 5,915,537 ",24657300000000
970,Livingston Union, 0.8881 ," 19,326,980 "," 3,432,859 "," 3,267,226 "," 26,397,240 ",24657480000000
971,Los Banos Unified, 0.8069 ," 88,360,008 "," 14,259,538 "," 11,349,843 "," 114,786,889 ",24657550000000
972,McSwain Union Elementary, 0.4078 ," 6,753,485 "," 550,815 ", - ," 7,653,235 ",24657630000000
973,Merced City Elementary, 0.8162 ," 84,938,170 "," 13,865,307 "," 11,305,271 "," 111,516,636 ",24657710000000
974,Merced Union High, 0.7729 ," 95,589,065 "," 14,776,158 "," 10,653,401 "," 121,721,784 ",24657890000000
975,Plainsburg Union Elementary, 0.4689 ," 903,034 "," 84,686 ", - ," 1,043,382 ",24658130000000
976,Planada Elementary, 0.9421 ," 6,282,938 "," 1,183,831 "," 1,231,770 "," 8,805,023 ",24658210000000
977,Snelling-Merced Falls Union Elementary, 0.7500 ," 8,947 "," 94,405 "," 62,937 "," 911,059 ",24658390000000
978,Weaver Union, 0.8841 ," 21,984,403 "," 3,887,282 "," 3,672,495 "," 29,855,438 ",24658620000000
979,Winton, 0.9443 ," 15,400,586 "," 2,908,554 "," 3,036,226 "," 21,476,535 ",24658700000000
980,Gustine Unified, 0.8170 ," 14,799,163 "," 2,418,182 "," 1,975,688 "," 19,404,814 ",24736190000000
981,Merced River Union Elementary, 0.8337 ," 1,377,056 "," 229,610 "," 195,336 "," 1,937,102 ",24737260000000
982,Dos Palos Oro Loma Joint Unified, 0.8789 ," 19,334,702 "," 3,398,654 "," 3,179,592 "," 26,825,883 ",24753170000000
983,Delhi Unified, 0.8771 ," 20,832,785 "," 3,654,488 "," 3,407,201 "," 28,041,061 ",24753660000000
984,Surprise Valley Joint Unified, 0.6035 ," 698,538 "," 107,617 "," 23,851 "," 1,588,635 ",25658960000000
985,Modoc Joint Unified, 0.6265 ," 6,840,351 "," 867,671 "," 264,871 "," 8,400,413 ",25735850000000
986,Tulelake Basin Joint Unified, 0.8320 ," 2,098,351 "," 513,566 "," 435,173 "," 4,611,057 ",25735930000000
988,Eastern Sierra Unified, 0.5469 ," 3,233,096 "," 353,636 ", - ," 4,137,042 ",26736680000000
989,Mammoth Unified, 0.5620 ," 9,655,397 "," 1,085,266 "," 57,932 "," 11,094,783 ",26736920000000
994,Alisal Union, 0.9345 ," 68,208,245 "," 12,748,121 "," 13,113,035 "," 94,314,530 ",27659610000000
996,Bradley Union Elementary, 0.5200 , - ," 61,861 ", - ," 752,594 ",27659790000000
1000,Carmel Unified, 0.1760 ," 19,841,723 "," 698,429 ", - ," 20,984,561 ",27659870000000
1001,Chualar Union, 0.9665 ," 2,514,290 "," 486,013 "," 523,601 "," 3,581,781 ",27659950000000
1002,Graves Elementary, 0.2891 ," 326,092 "," 18,855 ", - ," 356,025 ",27660270000000
1003,Greenfield Union Elementary, 0.9415 ," 27,552,572 "," 5,188,150 "," 5,393,416 "," 38,350,527 ",27660350000000
1004,King City Union, 0.9312 ," 20,556,232 "," 3,828,393 "," 3,918,017 "," 28,516,702 ",27660500000000
1005,South Monterey County Joint Union High, 0.7829 ," 20,659,767 "," 3,234,906 "," 2,405,830 "," 26,629,995 ",27660680000000
1007,Lagunita Elementary, 0.1595 ," 770,619 "," 24,583 ", - ," 800,552 ",27660760000000
1008,Mission Union Elementary, 0.2887 ," 988,677 "," 57,086 ", - ," 1,050,403 ",27660840000000
1009,Monterey Peninsula Unified, 0.6995 ," 76,309,587 "," 10,675,711 "," 5,704,141 "," 94,093,126 ",27660920000000
1013,Pacific Grove Unified, 0.2283 ," 16,541,610 "," 755,290 ", - ," 17,486,398 ",27661340000000
1014,Salinas City Elementary, 0.8529 ," 67,270,319 "," 11,474,971 "," 10,188,090 "," 89,739,953 ",27661420000000
1015,Salinas Union High, 0.7451 ," 132,289,665 "," 19,713,805 "," 12,904,857 "," 165,702,930 ",27661590000000
1016,San Antonio Union Elementary, 0.5761 ," 1,109,843 "," 127,877 "," 14,483 "," 1,315,671 ",27661670000000
1017,San Ardo Union Elementary, 0.9393 ," 819,811 "," 154,009 "," 159,576 "," 1,143,504 ",27661750000000
1018,San Lucas Union Elementary, 0.8977 ," 572,671 "," 102,817 "," 99,559 "," 799,028 ",27661830000000
1019,Santa Rita Union Elementary, 0.7666 ," 27,507,569 "," 4,217,461 "," 2,979,070 "," 34,929,655 ",27661910000000
1020,Spreckels Union Elementary, 0.1806 ," 7,480,506 "," 270,196 ", - ," 7,976,098 ",27662250000000
1021,Washington Union Elementary, 0.1007 ," 6,803,773 "," 137,029 ", - ," 7,147,756 ",27662330000000
1022,North Monterey County Unified, 0.8570 ," 36,393,240 "," 6,237,801 "," 5,586,363 "," 49,701,879 ",27738250000000
1023,Big Sur Unified, 0.8250 , - ," 20,666 "," 17,222 "," 796,470 ",27751500000000
1025,Soledad Unified, 0.9206 ," 38,734,665 "," 7,131,826 "," 7,177,534 "," 53,458,792 ",27754400000000
1026,Gonzales Unified, 0.8662 ," 19,062,211 "," 3,302,337 "," 3,013,735 "," 25,637,715 ",27754730000000
1027,Calistoga Joint Unified, 0.7762 ," 6,906,446 "," 1,072,156 "," 781,119 "," 8,887,051 ",28662410000000
1028,Howell Mountain Elementary, 0.5789 ," 730,795 "," 84,611 "," 10,560 "," 835,559 ",28662580000000
1029,Napa Valley Unified, 0.5364 ," 134,037,415 "," 14,379,534 ", - ," 150,158,998 ",28662660000000
1033,Pope Valley Union Elementary, 0.7152 ," 491,769 "," 70,343 "," 40,620 "," 639,830 ",28662820000000
1034,Saint Helena Unified, 0.3819 ," 10,152,560 "," 775,453 ", - ," 11,263,980 ",28662900000000
1043,Chicago Park Elementary, 0.4572 ," 936,302 "," 85,615 ", - ," 1,034,102 ",29663160000000
1045,Clear Creek Elementary, 0.3576 ," 1,217,715 "," 87,091 ", - ," 1,304,806 ",29663240000000
1046,Grass Valley Elementary, 0.7125 ," 9,687,342 "," 1,380,446 "," 787,096 "," 12,234,142 ",29663320000000
1048,Nevada City Elementary, 0.3627 ," 5,034,346 "," 365,192 ", - ," 5,740,722 ",29663400000000
1050,Nevada Joint Union High, 0.3834 ," 22,462,958 "," 1,722,460 ", - ," 25,063,057 ",29663570000000
1052,Pleasant Ridge Union Elementary, 0.3242 ," 8,427,742 "," 546,454 ", - ," 9,548,816 ",29663730000000
1054,Union Hill Elementary, 0.3727 ," 963,736 "," 71,837 ", - ," 1,088,173 ",29664070000000
1056,Twin Ridges Elementary, 0.8942 ," 676,518 "," 132,753 "," 127,750 "," 1,175,259 ",29664150000000
1057,Penn Valley Union Elementary, 0.5247 ," 4,082,953 "," 428,466 ", - ," 4,706,600 ",29768770000000
1073,Anaheim Elementary, 0.9051 ," 133,746,409 "," 24,210,775 "," 23,746,675 "," 183,739,612 ",30664230000000
1076,Anaheim Union High, 0.7293 ," 260,441,180 "," 37,987,951 "," 23,348,552 "," 324,036,228 ",30664310000000
1077,Brea-Olinda Unified, 0.3316 ," 48,490,341 "," 3,215,880 ", - ," 52,433,124 ",30664490000000
1078,Buena Park Elementary, 0.7906 ," 35,434,702 "," 5,602,935 "," 4,262,795 "," 45,996,834 ",30664560000000
1079,Capistrano Unified, 0.2591 ," 388,223,953 "," 20,117,766 ", - ," 412,924,527 ",30664640000000
1085,Centralia Elementary, 0.6429 ," 33,355,166 "," 4,288,807 "," 1,549,347 "," 39,530,034 ",30664720000000
1086,Cypress Elementary, 0.4279 ," 30,605,702 "," 2,619,236 ", - ," 33,452,260 ",30664800000000
1087,Fountain Valley Elementary, 0.3002 ," 49,032,341 "," 2,943,902 ", - ," 52,710,479 ",30664980000000
1088,Fullerton Elementary, 0.5289 ," 102,411,304 "," 10,833,068 ", - ," 115,167,089 ",30665060000000
1089,Fullerton Joint Union High, 0.4929 ," 123,608,603 "," 12,185,336 ", - ," 137,293,483 ",30665140000000
1090,Garden Grove Unified, 0.7534 ," 354,166,476 "," 53,365,804 "," 36,018,730 "," 448,300,909 ",30665220000000
1091,Huntington Beach City Elementary, 0.2056 ," 51,878,820 "," 2,133,257 ", - ," 54,883,912 ",30665300000000
1093,Huntington Beach Union High, 0.3725 ," 145,835,295 "," 10,864,729 ", - ," 158,038,565 ",30665480000000
1094,Laguna Beach Unified, 0.1273 ," 23,490,145 "," 598,059 ", - ," 24,467,634 ",30665550000000
1095,La Habra City Elementary, 0.7741 ," 35,540,427 "," 5,502,369 "," 3,982,305 "," 45,735,677 ",30665630000000
1096,Magnolia Elementary, 0.8839 ," 46,399,578 "," 8,202,518 "," 7,746,409 "," 62,958,201 ",30665890000000
1097,Newport-Mesa Unified, 0.4684 ," 170,265,037 "," 15,950,429 ", - ," 187,423,722 ",30665970000000
1098,Ocean View, 0.4900 ," 63,342,418 "," 6,207,558 ", - ," 71,097,184 ",30666130000000
1099,Orange Unified, 0.5126 ," 208,758,267 "," 21,401,898 ", - ," 233,892,246 ",30666210000000
1102,Placentia-Yorba Linda Unified, 0.3897 ," 209,213,227 "," 16,306,078 ", - ," 227,007,365 ",30666470000000
1103,Santa Ana Unified, 0.8973 ," 390,050,222 "," 69,998,413 "," 67,732,222 "," 530,199,419 ",30666700000000
1110,Savanna Elementary, 0.7682 ," 17,440,552 "," 2,679,566 "," 1,902,764 "," 22,281,507 ",30666960000000
1111,Westminster, 0.7637 ," 71,414,806 "," 10,907,897 "," 7,630,672 "," 90,837,525 ",30667460000000
1112,Saddleback Valley Unified, 0.3299 ," 222,080,442 "," 14,652,868 ", - ," 239,823,765 ",30736350000000
1113,Tustin Unified, 0.4435 ," 195,332,918 "," 17,326,030 ", - ," 213,972,859 ",30736430000000
1114,Irvine Unified, 0.3156 ," 285,371,195 "," 18,012,630 ", - ," 306,005,603 ",30736500000000
1115,Los Alamitos Unified, 0.1722 ," 80,079,980 "," 2,757,954 ", - ," 83,505,289 ",30739240000000
1119,Ackerman Charter, 0.2984 ," 4,606,783 "," 274,933 ", - ," 4,905,205 ",31667610000000
1120,Alta-Dutch Flat Union Elementary, 0.4791 ," 804,623 "," 77,099 ", - ," 881,722 ",31667790000000
1121,Auburn Union Elementary, 0.6010 ," 13,571,930 "," 1,631,346 "," 346,084 "," 16,023,658 ",31667870000000
1123,Colfax Elementary, 0.4727 ," 2,763,889 "," 261,298 ", - ," 3,143,311 ",31667950000000
1124,Dry Creek Joint Elementary, 0.4592 ," 52,450,113 "," 4,817,019 ", - ," 57,467,463 ",31668030000000
1125,Eureka Union, 0.1604 ," 25,987,191 "," 833,670 ", - ," 27,482,147 ",31668290000000
1126,Foresthill Union Elementary, 0.4354 ," 3,024,927 "," 263,411 ", - ," 3,514,723 ",31668370000000
1127,Loomis Union Elementary, 0.2139 ," 19,262,631 "," 824,055 ", - ," 20,903,547 ",31668450000000
1130,Newcastle Elementary, 0.3963 ," 1,370,719 "," 108,643 ", - ," 1,521,918 ",31668520000000
1136,Placer Hills Union Elementary, 0.3198 ," 5,778,252 "," 369,578 ", - ," 6,504,022 ",31668860000000
1137,Placer Union High, 0.2425 ," 34,753,745 "," 1,685,557 ", - ," 37,631,954 ",31668940000000
1139,Roseville City Elementary, 0.3164 ," 86,778,649 "," 5,491,353 ", - ," 92,857,730 ",31669100000000
1140,Roseville Joint Union High, 0.2566 ," 91,419,127 "," 4,691,630 ", - ," 96,620,129 ",31669280000000
1141,Tahoe-Truckee Unified, 0.4030 ," 30,888,205 "," 2,489,590 ", - ," 34,498,244 ",31669440000000
1143,Western Placer Unified, 0.3354 ," 56,585,695 "," 3,795,768 ", - ," 60,732,251 ",31669510000000
1146,Rocklin Unified, 0.1995 ," 97,373,542 "," 3,885,205 ", - ," 101,482,610 ",31750850000000
1153,Plumas Unified, 0.5170 ," 9,910,932 "," 1,487,082 ", - ," 18,238,294 ",32669690000000
1167,Alvord Unified, 0.8107 ," 151,746,883 "," 24,604,240 "," 19,780,205 "," 198,102,495 ",33669770000000
1168,Banning Unified, 0.8720 ," 35,523,892 "," 6,195,367 "," 5,719,346 "," 48,136,743 ",33669850000000
1169,Beaumont Unified, 0.5946 ," 83,325,374 "," 9,909,053 "," 1,858,156 "," 95,512,653 ",33669930000000
1171,Corona-Norco Unified, 0.4786 ," 428,587,324 "," 41,024,379 ", - ," 472,779,943 ",33670330000000
1172,Desert Center Unified, 0.7167 ," 222,109 "," 31,837 "," 18,513 "," 355,223 ",33670410000000
1173,Desert Sands Unified, 0.7166 ," 210,311,601 "," 30,141,858 "," 17,518,956 "," 260,511,684 ",33670580000000
1176,Hemet Unified, 0.8335 ," 168,660,794 "," 28,115,754 "," 23,907,667 "," 222,599,583 ",33670820000000
1178,Jurupa Unified, 0.7919 ," 154,564,979 "," 24,480,003 "," 18,694,633 "," 200,225,993 ",33670900000000
1179,Menifee Union Elementary, 0.4733 ," 79,135,151 "," 7,490,933 ", - ," 86,883,600 ",33671160000000
1181,Moreno Valley Unified, 0.8383 ," 258,977,248 "," 43,420,125 "," 37,331,570 "," 342,931,105 ",33671240000000
1183,Nuview Union, 0.8183 ," 11,684,965 "," 1,912,362 "," 1,567,538 "," 15,440,358 ",33671570000000
1185,Palm Springs Unified, 0.8817 ," 173,619,679 "," 30,616,095 "," 28,794,825 "," 235,130,599 ",33671730000000
1187,Palo Verde Unified, 0.7569 ," 23,743,036 "," 3,594,221 "," 2,456,217 "," 30,500,468 ",33671810000000
1189,Perris Elementary, 0.9242 ," 38,659,976 "," 7,145,910 "," 7,233,281 "," 53,552,717 ",33671990000000
1191,Perris Union High, 0.7331 ," 83,930,977 "," 12,305,960 "," 7,683,881 "," 104,835,668 ",33672070000000
1193,Riverside Unified, 0.6632 ," 326,799,442 "," 43,346,678 "," 18,496,848 "," 393,132,102 ",33672150000000
1196,Romoland Elementary, 0.7414 ," 31,200,526 "," 4,626,414 "," 2,985,889 "," 38,951,007 ",33672310000000
1197,San Jacinto Unified, 0.8228 ," 80,394,273 "," 13,229,682 "," 10,965,780 "," 105,064,164 ",33672490000000
1199,Coachella Valley Unified, 0.9342 ," 144,072,528 "," 26,918,511 "," 27,676,333 "," 201,691,255 ",33736760000000
1201,Lake Elsinore Unified, 0.6728 ," 168,560,599 "," 22,681,514 "," 10,349,621 "," 203,743,079 ",33751760000000
1203,Temecula Valley Unified, 0.2894 ," 226,116,805 "," 13,087,641 ", - ," 239,624,157 ",33751920000000
1206,Murrieta Valley Unified, 0.3606 ," 185,741,307 "," 13,395,664 ", - ," 199,225,630 ",33752000000000
1207,Val Verde Unified, 0.8366 ," 162,426,832 "," 27,177,257 "," 23,275,765 "," 213,701,088 ",33752420000000
1210,Arcohe Union Elementary, 0.6288 ," 3,514,477 "," 441,980 "," 138,471 "," 4,257,585 ",34672800000000
1211,Elk Grove Unified, 0.5695 ," 502,298,673 "," 57,211,819 "," 4,897,412 "," 567,566,098 ",34673140000000
1215,Elverta Joint Elementary, 0.7958 ," 1,838,456 "," 292,609 "," 225,946 "," 2,444,466 ",34673220000000
1217,Folsom-Cordova Unified, 0.3808 ," 163,953,124 "," 12,486,670 ", - ," 178,165,905 ",34673300000000
1219,Galt Joint Union Elementary, 0.6112 ," 27,503,621 "," 3,362,042 "," 841,611 "," 31,976,872 ",34673480000000
1220,Galt Joint Union High, 0.5862 ," 19,748,068 "," 2,315,263 "," 357,440 "," 22,694,118 ",34673550000000
1221,River Delta Joint Unified, 0.6221 ," 13,984,156 "," 1,948,613 "," 564,600 "," 19,180,710 ",34674130000000
1223,Robla Elementary, 0.9236 ," 16,300,481 "," 3,011,025 "," 3,044,930 "," 22,572,326 ",34674210000000
1226,Sacramento City Unified, 0.7163 ," 319,910,407 "," 45,830,366 "," 26,600,551 "," 398,884,859 ",34674390000000
1244,San Juan Unified, 0.5405 ," 314,627,731 "," 34,011,257 ", - ," 356,220,030 ",34674470000000
1255,Center Joint Unified, 0.6705 ," 34,657,387 "," 4,647,555 "," 2,088,108 "," 41,894,291 ",34739730000000
1256,Natomas Unified, 0.6408 ," 82,493,315 "," 10,572,343 "," 3,745,197 "," 96,952,116 ",34752830000000
1263,Twin Rivers Unified, 0.8740 ," 185,754,612 "," 32,469,907 "," 30,092,247 "," 258,248,983 ",34765050000000
1274,Bitterwater-Tully Elementary, 0.2871 , - ," 15,858 ", - ," 358,903 ",35674540000000
1275,Cienega Union Elementary, 0.4103 , - ," 17,891 ", - ," 345,061 ",35674620000000
1276,Hollister, 0.6715 ," 42,051,591 "," 5,647,529 "," 2,554,634 "," 50,676,413 ",35674700000000
1278,Jefferson Elementary, 0.7241 , - ," 8,340 "," 5,013 "," 176,167 ",35674880000000
1279,North County Joint Union Elementary, 0.4827 ," 5,719,682 "," 552,178 ", - ," 6,397,878 ",35675040000000
1280,Panoche Elementary, 0.4167 , - ," 2,578 ", - ," 163,453 ",35675200000000
1281,San Benito High, 0.5569 ," 27,659,623 "," 3,080,729 "," 95,426 "," 30,953,295 ",35675380000000
1282,Southside Elementary, 0.3658 ," 1,602,734 "," 117,256 ", - ," 1,719,990 ",35675530000000
1283,Tres Pinos Union Elementary, 0.3190 ," 930,823 "," 59,387 ", - ," 996,927 ",35675610000000
1284,Willow Grove Union Elementary, 0.8913 , - ," 20,085 "," 19,228 "," 201,481 ",35675790000000
1285,Aromas - San Juan Unified, 0.6517 ," 8,808,101 "," 1,148,048 "," 447,892 "," 10,961,085 ",35752590000000
1289,Adelanto Elementary, 0.8379 ," 63,249,734 "," 10,599,391 "," 9,104,799 "," 83,483,370 ",36675870000000
1291,Alta Loma Elementary, 0.3888 ," 46,257,173 "," 3,596,958 ", - ," 50,772,330 ",36675950000000
1292,Barstow Unified, 0.8009 ," 48,783,723 "," 7,814,177 "," 6,119,917 "," 63,687,768 ",36676110000000
1293,Bear Valley Unified, 0.7078 ," 19,481,966 "," 2,757,867 "," 1,537,127 "," 24,614,217 ",36676370000000
1294,Central Elementary, 0.6295 ," 35,064,672 "," 4,414,642 "," 1,393,821 "," 41,345,284 ",36676450000000
1295,Chaffey Joint Union High, 0.6183 ," 213,879,024 "," 26,448,280 "," 7,303,969 "," 249,340,535 ",36676520000000
1296,Chino Valley Unified, 0.4940 ," 225,465,884 "," 22,276,029 ", - ," 250,242,192 ",36676780000000
1298,Colton Joint Unified, 0.8247 ," 178,872,783 "," 29,503,277 "," 24,568,177 "," 234,970,049 ",36676860000000
1299,Cucamonga Elementary, 0.7566 ," 18,902,464 "," 2,860,321 "," 1,952,624 "," 23,948,366 ",36676940000000
1300,Etiwanda Elementary, 0.4223 ," 108,951,975 "," 9,202,084 ", - ," 118,261,712 ",36677020000000
1301,Fontana Unified, 0.8710 ," 297,893,127 "," 51,892,983 "," 47,811,847 "," 400,889,321 ",36677100000000
1302,Helendale Elementary, 0.5434 ," 4,968,066 "," 539,929 ", - ," 5,539,012 ",36677360000000
1308,Morongo Unified, 0.6922 ," 66,604,918 "," 9,220,785 "," 4,735,610 "," 82,939,573 ",36677770000000
1309,Mountain View Elementary, 0.6449 ," 19,543,229 "," 2,520,685 "," 927,327 "," 23,026,686 ",36677850000000
1310,Mt. Baldy Joint Elementary, 0.2755 ," 712,155 "," 39,240 ", - ," 786,278 ",36677930000000
1311,Needles Unified, 0.7550 ," 8,418,840 "," 1,320,489 "," 896,358 "," 11,448,414 ",36678010000000
1312,Ontario-Montclair, 0.8682 ," 161,188,466 "," 27,988,766 "," 25,645,085 "," 217,027,572 ",36678190000000
1313,Oro Grande, 0.9404 ," 789,748 "," 148,535 "," 154,159 "," 1,127,557 ",36678270000000
1323,Redlands Unified, 0.5961 ," 167,166,606 "," 19,929,603 "," 3,853,190 "," 192,955,884 ",36678430000000
1325,Rialto Unified, 0.8735 ," 205,181,365 "," 35,845,184 "," 33,188,086 "," 275,929,175 ",36678500000000
1326,Rim of the World Unified, 0.5722 ," 25,949,343 "," 2,969,643 "," 288,037 "," 30,697,657 ",36678680000000
1327,San Bernardino City Unified, 0.8997 ," 383,510,512 "," 69,008,883 "," 67,056,813 "," 540,073,726 ",36678760000000
1341,Trona Joint Unified, 0.7399 ," 1,602,096 "," 338,111 "," 216,946 "," 3,602,367 ",36678920000000
1344,Victor Elementary, 0.8520 ," 95,296,087 "," 16,238,453 "," 14,389,709 "," 126,689,945 ",36679180000000
1347,Victor Valley Union High, 0.8457 ," 87,842,506 "," 14,857,682 "," 12,987,515 "," 117,033,707 ",36679340000000
1349,Yucaipa-Calimesa Joint Unified, 0.5555 ," 67,335,387 "," 7,480,961 "," 185,172 "," 75,921,994 ",36679590000000
1352,Baker Valley Unified, 0.8510 ," 758,189 "," 192,967 "," 170,632 "," 2,121,481 ",36738580000000
1353,Silver Valley Unified, 0.5715 ," 16,863,401 "," 1,927,486 "," 181,281 "," 19,801,835 ",36738900000000
1354,Snowline Joint Unified, 0.6813 ," 59,560,238 "," 8,115,677 "," 3,910,128 "," 72,645,495 ",36739570000000
1355,Hesperia Unified, 0.7563 ," 173,452,818 "," 26,236,473 "," 17,891,658 "," 219,515,867 ",36750440000000
1361,Lucerne Valley Unified, 0.8576 ," 4,270,732 "," 1,019,828 "," 914,468 "," 8,467,214 ",36750510000000
1367,Upland Unified, 0.5687 ," 87,169,202 "," 9,914,626 "," 815,032 "," 98,313,308 ",36750690000000
1368,Apple Valley Unified, 0.7009 ," 104,068,764 "," 14,588,360 "," 7,851,988 "," 127,917,045 ",36750770000000
1379,Alpine Union Elementary, 0.3077 ," 12,935,050 "," 796,024 ", - ," 14,191,563 ",37679670000000
1380,Borrego Springs Unified, 0.8981 ," 2,070,791 "," 572,759 "," 554,998 "," 4,876,831 ",37679830000000
1382,Cajon Valley Union, 0.7116 ," 126,063,730 "," 17,941,391 "," 10,185,949 "," 156,402,483 ",37679910000000
1385,Cardiff Elementary, 0.1693 ," 5,298,933 "," 179,422 ", - ," 5,579,146 ",37680070000000
1386,Chula Vista Elementary, 0.5931 ," 179,506,129 "," 21,293,017 "," 3,868,357 "," 207,240,232 ",37680230000000
1395,Coronado Unified, 0.1197 ," 24,768,657 "," 592,962 ", - ," 25,652,987 ",37680310000000
1396,Dehesa Elementary, 0.5626 ," 1,046,447 "," 117,747 "," 6,593 "," 1,239,869 ",37680490000000
1406,Del Mar Union Elementary, 0.1612 ," 34,224,813 "," 1,103,408 ", - ," 35,389,877 ",37680560000000
1407,Encinitas Union Elementary, 0.1758 ," 40,546,679 "," 1,425,621 ", - ," 42,542,153 ",37680800000000
1408,Escondido Union, 0.8014 ," 116,894,636 "," 18,735,873 "," 14,693,656 "," 151,715,461 ",37680980000000
1412,Escondido Union High, 0.7000 ," 65,185,355 "," 9,125,950 "," 4,888,902 "," 79,705,642 ",37681060000000
1416,Fallbrook Union Elementary, 0.6942 ," 38,519,447 "," 5,348,039 "," 2,777,252 "," 47,784,207 ",37681140000000
1417,Fallbrook Union High, 0.6053 ," 19,071,709 "," 2,308,821 "," 527,333 "," 22,365,721 ",37681220000000
1418,Grossmont Union High, 0.5880 ," 144,673,240 "," 17,013,573 "," 2,748,792 "," 167,367,953 ",37681300000000
1421,Jamul-Dulzura Union Elementary, 0.5693 ," 4,464,666 "," 508,347 "," 43,084 "," 5,315,773 ",37681550000000
1423,Julian Union Elementary, 0.6278 ," 2,274,239 "," 285,553 "," 88,468 "," 2,762,158 ",37681630000000
1429,Julian Union High, 0.5141 ," 14,460 "," 113,593 ", - ," 1,744,868 ",37681710000000
1430,Lakeside Union Elementary, 0.4528 ," 39,367,087 "," 3,565,083 ", - ," 43,775,791 ",37681890000000
1434,La Mesa-Spring Valley, 0.6107 ," 92,426,638 "," 11,288,989 "," 2,805,149 "," 108,418,043 ",37681970000000
1436,Lemon Grove, 0.7805 ," 28,074,038 "," 4,382,357 "," 3,235,532 "," 36,173,009 ",37682050000000
1437,Mountain Empire Unified, 0.7112 ," 13,445,209 "," 1,912,446 "," 1,083,685 "," 17,248,478 ",37682130000000
1444,National Elementary, 0.8893 ," 40,947,818 "," 7,282,979 "," 6,946,798 "," 55,383,293 ",37682210000000
1446,Poway Unified, 0.2264 ," 294,052,793 "," 13,314,711 ", - ," 311,096,449 ",37682960000000
1447,Ramona City Unified, 0.4307 ," 43,651,197 "," 3,760,114 ", - ," 48,391,475 ",37683040000000
1448,Rancho Santa Fe Elementary, 0.0670 ," 4,843,857 "," 64,908 ", - ," 4,944,284 ",37683120000000
1449,San Diego Unified, 0.6152 ," 821,148,194 "," 101,034,074 "," 26,769,430 "," 1,022,954,935 ",37683380000000
1496,San Dieguito Union High, 0.1205 ," 110,994,847 "," 2,674,976 ", - ," 115,394,837 ",37683460000000
1497,San Pasqual Union Elementary, 0.2401 ," 4,509,108 "," 216,528 ", - ," 4,765,471 ",37683530000000
1498,Santee, 0.4327 ," 52,282,022 "," 4,524,486 ", - ," 57,741,160 ",37683610000000
1499,San Ysidro Elementary, 0.8601 ," 35,710,164 "," 6,142,863 "," 5,536,861 "," 47,496,312 ",37683790000000
1500,Solana Beach Elementary, 0.1825 ," 22,436,271 "," 818,923 ", - ," 24,025,900 ",37683870000000
1501,South Bay Union, 0.8624 ," 40,787,046 "," 7,034,949 "," 6,370,936 "," 54,915,707 ",37683950000000
1504,Spencer Valley Elementary, 0.4224 ," 310,426 "," 26,225 ", - ," 336,651 ",37684030000000
1507,Sweetwater Union High, 0.6076 ," 329,344,465 "," 40,021,939 "," 9,485,121 "," 382,506,535 ",37684110000000
1510,Vallecitos Elementary, 0.9285 ," 1,602,284 "," 297,544 "," 303,232 "," 2,208,575 ",37684370000000
1511,Vista Unified, 0.6391 ," 168,208,446 "," 21,500,403 "," 7,493,687 "," 201,514,750 ",37684520000000
1517,Carlsbad Unified, 0.2402 ," 91,486,880 "," 4,395,030 ", - ," 97,125,118 ",37735510000000
1518,Oceanside Unified, 0.6353 ," 141,276,103 "," 17,950,541 "," 6,025,426 "," 169,023,923 ",37735690000000
1521,San Marcos Unified, 0.4119 ," 167,327,577 "," 13,784,446 ", - ," 182,307,011 ",37737910000000
1523,Warner Unified, 0.8428 ," 1,023,503 "," 253,250 "," 219,955 "," 2,544,598 ",37754160000000
1527,Valley Center-Pauma Unified, 0.5602 ," 31,569,458 "," 3,537,043 "," 161,004 "," 36,250,498 ",37756140000000
1535,Bonsall Unified, 0.3615 ," 18,965,338 "," 1,371,194 ", - ," 20,673,600 ",37768510000000
1544,San Francisco Unified, 0.6126 ," 418,213,749 "," 51,239,548 "," 13,090,090 "," 523,084,451 ",38684780000000
1566,Banta Elementary, 0.7465 ," 2,819,803 "," 420,996 "," 277,045 "," 3,593,355 ",39684860000000
1568,Escalon Unified, 0.5206 ," 21,670,870 "," 2,256,371 ", - ," 24,599,454 ",39685020000000
1570,Jefferson Elementary, 0.3771 ," 18,144,134 "," 1,368,430 ", - ," 19,633,516 ",39685440000000
1571,Lincoln Unified, 0.6480 ," 73,122,028 "," 9,476,614 "," 3,582,980 "," 86,549,162 ",39685690000000
1573,Linden Unified, 0.6204 ," 18,765,545 "," 2,328,429 "," 660,547 "," 22,363,881 ",39685770000000
1574,Lodi Unified, 0.7114 ," 226,634,327 "," 32,245,532 "," 18,289,390 "," 281,544,596 ",39685850000000
1581,Manteca Unified, 0.6494 ," 189,077,273 "," 24,557,357 "," 9,397,140 "," 224,732,875 ",39685930000000
1583,New Hope Elementary, 0.9370 ," 1,511,215 "," 283,202 "," 292,421 "," 2,114,752 ",39686190000000
1584,New Jerusalem Elementary, 0.6709 ," 184,631 "," 24,775 "," 11,161 "," 300,115 ",39686270000000
1596,Oak View Union Elementary, 0.5178 ," 3,052,407 "," 316,107 ", - ," 3,455,838 ",39686350000000
1597,Ripon Unified, 0.3727 ," 26,539,357 "," 1,978,244 ", - ," 28,701,608 ",39686500000000
1599,Stockton Unified, 0.8313 ," 273,843,887 "," 45,529,285 "," 38,516,143 "," 368,024,827 ",39686760000000
1614,Tracy Joint Unified, 0.6051 ," 120,621,464 "," 14,597,609 "," 3,323,122 "," 139,603,882 ",39754990000000
1618,Lammersville Joint Unified, 0.2440 ," 43,074,823 "," 2,102,051 ", - ," 45,211,475 ",39767600000000
1620,Atascadero Unified, 0.3916 ," 37,581,953 "," 2,958,292 ", - ," 41,590,538 ",40687000000000
1621,Cayucos Elementary, 0.4175 ," 1,518,853 "," 126,824 ", - ," 1,672,810 ",40687260000000
1622,Lucia Mar Unified, 0.5043 ," 83,822,339 "," 8,454,321 ", - ," 93,710,253 ",40687590000000
1623,Pleasant Valley Joint Union Elementary, 0.4831 ," 575,796 "," 55,634 ", - ," 635,792 ",40687910000000
1624,San Luis Coastal Unified, 0.3786 ," 60,657,687 "," 4,592,999 ", - ," 65,803,595 ",40688090000000
1626,San Miguel Joint Union, 0.7210 ," 4,704,763 "," 678,426 "," 402,257 "," 5,863,067 ",40688250000000
1628,Shandon Joint Unified, 0.8333 ," 1,652,979 "," 419,005 "," 356,126 "," 3,867,695 ",40688330000000
1629,Templeton Unified, 0.1975 ," 19,379,511 "," 765,490 ", - ," 20,335,362 ",40688410000000
1630,Paso Robles Joint Unified, 0.5257 ," 54,335,598 "," 5,712,845 ", - ," 60,913,849 ",40754570000000
1631,Coast Unified, 0.7335 ," 4,822,729 "," 707,495 "," 442,485 "," 6,224,234 ",40754650000000
1633,Bayshore Elementary, 0.6835 ," 2,876,800 "," 393,259 "," 192,026 "," 3,489,684 ",41688580000000
1634,Belmont-Redwood Shores Elementary, 0.1505 ," 33,216,812 "," 999,826 ", - ," 34,266,666 ",41688660000000
1635,Brisbane Elementary, 0.2795 ," 3,580,795 "," 200,167 ", - ," 3,793,798 ",41688740000000
1636,Burlingame Elementary, 0.2327 ," 26,884,628 "," 1,251,211 ", - ," 28,139,978 ",41688820000000
1637,Cabrillo Unified, 0.4418 ," 25,839,713 "," 2,283,196 ", - ," 28,459,423 ",41688900000000
1638,Hillsborough City Elementary, 0.0290 ," 10,669,935 "," 61,885 ", - ," 10,731,820 ",41689080000000
1639,Jefferson Elementary, 0.7119 ," 46,814,588 "," 6,665,461 "," 3,789,641 "," 57,879,170 ",41689160000000
1641,Jefferson Union High, 0.4036 ," 39,049,092 "," 3,152,043 ", - ," 42,344,584 ",41689240000000
1643,Pacifica, 0.2501 ," 23,826,977 "," 1,191,825 ", - ," 25,372,640 ",41689320000000
1644,La Honda-Pescadero Unified, 0.6284 ," 1,705,682 "," 317,093 "," 98,903 "," 3,517,104 ",41689400000000
1645,Las Lomitas Elementary, 0.1178 ," 9,473,778 "," 223,202 ", - ," 9,844,841 ",41689570000000
1646,Menlo Park City Elementary, 0.1310 ," 21,360,687 "," 559,651 ", - ," 21,968,078 ",41689650000000
1647,Millbrae Elementary, 0.3882 ," 18,692,900 "," 1,451,316 ", - ," 20,146,341 ",41689730000000
1648,Portola Valley Elementary, 0.1115 ," 4,162,312 "," 92,819 ", - ," 4,255,131 ",41689810000000
1649,Ravenswood City Elementary, 0.9422 ," 20,001,361 "," 3,769,057 "," 3,922,266 "," 28,058,586 ",41689990000000
1652,Redwood City Elementary, 0.6038 ," 58,467,575 "," 7,060,544 "," 1,572,778 "," 72,400,641 ",41690050000000
1656,San Bruno Park Elementary, 0.4813 ," 19,986,901 "," 1,923,940 ", - ," 21,935,696 ",41690130000000
1657,San Carlos Elementary, 0.0845 ," 6,586,182 "," 111,306 ", - ," 6,715,470 ",41690210000000
1664,San Mateo-Foster City, 0.3968 ," 90,673,673 "," 7,195,862 ", - ," 98,325,010 ",41690390000000
1665,San Mateo Union High, 0.2767 ," 79,191,741 "," 4,382,471 ", - ," 83,890,695 ",41690470000000
1667,Sequoia Union High, 0.3681 ," 76,641,005 "," 5,642,311 ", - ," 83,356,908 ",41690620000000
1671,South San Francisco Unified, 0.4715 ," 69,899,869 "," 6,591,558 ", - ," 77,007,240 ",41690700000000
1672,Woodside Elementary, 0.1166 ," 3,088,328 "," 72,020 ", - ," 3,160,348 ",41690880000000
1673,Ballard Elementary, 0.0816 ," 1,018,532 "," 16,622 ", - ," 1,041,245 ",42691040000000
1674,Blochman Union Elementary, 0.5862 ," 1,608,422 "," 188,571 "," 29,112 "," 1,877,200 ",42691120000000
1679,Santa Maria-Bonita, 0.9223 ," 131,576,622 "," 24,270,623 "," 24,492,988 "," 180,869,120 ",42691200000000
1680,Buellton Union Elementary, 0.4202 ," 4,943,622 "," 415,463 ", - ," 5,624,127 ",42691380000000
1681,Carpinteria Unified, 0.6641 ," 17,368,833 "," 2,306,929 "," 990,892 "," 20,923,254 ",42691460000000
1682,Cold Spring Elementary, 0.0874 ," 1,296,016 "," 22,655 ", - ," 1,324,995 ",42691610000000
1683,College Elementary, 0.6707 ," 1,326,901 "," 177,991 "," 80,078 "," 1,716,492 ",42691790000000
1685,Goleta Union Elementary, 0.4640 ," 27,342,548 "," 2,537,389 ", - ," 30,380,323 ",42691950000000
1686,Guadalupe Union Elementary, 0.9086 ," 9,925,885 "," 1,803,732 "," 1,779,712 "," 13,563,351 ",42692030000000
1687,Hope Elementary, 0.3397 ," 7,466,044 "," 507,243 ", - ," 7,973,287 ",42692110000000
1688,Lompoc Unified, 0.6809 ," 76,214,959 "," 10,378,953 "," 4,988,270 "," 92,667,670 ",42692290000000
1690,Los Olivos Elementary, 0.2123 ," 1,157,346 "," 49,141 ", - ," 1,229,195 ",42692450000000
1691,Montecito Union Elementary, 0.1655 ," 3,014,207 "," 99,770 ", - ," 3,113,977 ",42692520000000
1692,Orcutt Union Elementary, 0.4599 ," 33,898,426 "," 3,117,977 ", - ," 37,660,148 ",42692600000000
1694,Santa Maria Joint Union High, 0.7558 ," 71,791,835 "," 10,852,054 "," 7,387,380 "," 90,388,637 ",42693100000000
1695,Santa Ynez Valley Union High, 0.2832 ," 8,310,029 "," 470,680 ", - ," 8,883,849 ",42693280000000
1696,Solvang Elementary, 0.5329 ," 4,518,945 "," 481,628 ", - ," 5,037,334 ",42693360000000
1697,Vista del Mar Union, 0.4866 ," 329,693 "," 32,086 ", - ," 422,837 ",42693440000000
1698,Cuyama Joint Unified, 0.8202 ," 1,133,141 "," 264,186 "," 217,577 "," 2,612,733 ",42750100000000
1702,Santa Barbara Unified, 0.5389 ," 110,375,110 "," 11,896,229 ", - ," 123,361,378 ",42767860000000
1733,Alum Rock Union Elementary, 0.8636 ," 73,587,751 "," 12,710,076 "," 11,538,560 "," 101,847,744 ",43693690000000
1738,Berryessa Union Elementary, 0.5479 ," 54,816,935 "," 6,006,839 ", - ," 62,151,477 ",43693770000000
1739,Cambrian, 0.1879 ," 8,172,303 "," 307,115 ", - ," 8,822,168 ",43693850000000
1744,Campbell Union, 0.7454 ," 3,977,447 "," 592,958 "," 388,596 "," 5,796,973 ",43693930000000
1756,Campbell Union High, 0.2699 ," 73,535,241 "," 3,969,432 ", - ," 78,197,016 ",43694010000000
1757,Cupertino Union, 0.1696 ," 139,373,969 "," 4,727,565 ", - ," 145,473,228 ",43694190000000
1758,East Side Union High, 0.5306 ," 207,067,328 "," 21,973,985 ", - ," 238,542,820 ",43694270000000
1769,Evergreen Elementary, 0.4185 ," 87,843,693 "," 7,352,517 ", - ," 96,653,891 ",43694350000000
1770,Franklin-McKinley Elementary, 0.8245 ," 54,998,373 "," 9,069,232 "," 7,548,527 "," 74,549,911 ",43694500000000
1778,Fremont Union High, 0.1777 ," 99,796,450 "," 3,546,766 ", - ," 104,185,713 ",43694680000000
1779,Gilroy Unified, 0.5937 ," 89,247,084 "," 10,597,199 "," 1,950,049 "," 103,932,573 ",43694840000000
1781,Lakeside Joint, 0.1169 ," 580,052 "," 13,561 ", - ," 653,310 ",43694920000000
1782,Loma Prieta Joint Union Elementary, 0.0735 ," 3,784,997 "," 55,640 ", - ," 3,979,166 ",43695000000000
1783,Los Altos Elementary, 0.1543 ," 33,899,677 "," 1,046,145 ", - ," 35,267,561 ",43695180000000
1784,Los Gatos Union Elementary, 0.0709 ," 24,059,669 "," 341,166 ", - ," 24,549,295 ",43695260000000
1785,Los Gatos-Saratoga Joint Union High, 0.0437 ," 31,456,298 "," 274,928 ", - ," 31,964,416 ",43695340000000
1786,Luther Burbank, 0.8994 ," 3,983,591 "," 716,568 "," 695,933 "," 5,448,591 ",43695420000000
1787,Moreland, 0.4210 ," 36,810,356 "," 3,099,433 ", - ," 40,361,885 ",43695750000000
1788,Morgan Hill Unified, 0.4302 ," 67,370,145 "," 5,796,528 ", - ," 74,701,762 ",43695830000000
1790,Mountain View Whisman, 0.4088 ," 39,436,705 "," 3,224,346 ", - ," 43,257,938 ",43695910000000
1791,Mountain View-Los Altos Union High, 0.2071 ," 39,128,249 "," 1,620,692 ", - ," 40,915,208 ",43696090000000
1792,Mount Pleasant Elementary, 0.8452 ," 13,226,023 "," 2,235,727 "," 1,952,161 "," 17,925,897 ",43696170000000
1794,Oak Grove Elementary, 0.5159 ," 79,071,985 "," 8,158,647 ", - ," 91,160,898 ",43696250000000
1795,Orchard Elementary, 0.6816 ," 6,804,806 "," 927,631 "," 447,756 "," 8,285,144 ",43696330000000
1796,Palo Alto Unified, 0.1792 ," 93,323,514 "," 3,344,715 ", - ," 97,663,259 ",43696410000000
1797,San Jose Unified, 0.4757 ," 238,138,347 "," 22,656,482 ", - ," 294,065,433 ",43696660000000
1801,Santa Clara Unified, 0.4896 ," 123,042,963 "," 12,048,367 ", - ," 136,728,505 ",43696740000000
1802,Saratoga Union Elementary, 0.0832 ," 14,059,762 "," 233,954 ", - ," 14,375,176 ",43696820000000
1803,Sunnyvale, 0.4734 ," 51,019,265 "," 4,830,505 ", - ," 56,806,338 ",43696900000000
1804,Union Elementary, 0.1945 ," 45,441,306 "," 1,767,667 ", - ," 47,407,245 ",43697080000000
1805,Milpitas Unified, 0.4614 ," 84,599,861 "," 7,806,875 ", - ," 93,256,794 ",43733870000000
1809,Bonny Doon Union Elementary, 0.2450 ," 1,259,512 "," 61,716 ", - ," 1,358,201 ",44697320000000
1810,Happy Valley Elementary, 0.1275 ," 905,861 "," 23,100 ", - ," 935,995 ",44697570000000
1811,Live Oak Elementary, 0.6692 ," 13,164,503 "," 1,761,937 "," 784,605 "," 15,952,769 ",44697650000000
1814,Mountain Elementary, 0.1279 ," 1,110,507 "," 28,407 ", - ," 1,138,914 ",44697730000000
1815,Pacific Elementary, 0.4548 ," 901,584 "," 82,008 ", - ," 988,595 ",44697810000000
1816,Pajaro Valley Unified, 0.7906 ," 143,032,954 "," 22,616,371 "," 17,206,865 "," 186,618,177 ",44697990000000
1823,San Lorenzo Valley Unified, 0.2269 ," 18,477,711 "," 838,520 ", - ," 19,883,921 ",44698070000000
1826,Santa Cruz City Elementary, 0.4460 ," 18,995,633 "," 1,694,410 ", - ," 20,859,953 ",44698150000000
1827,Santa Cruz City High, 0.4052 ," 37,723,574 "," 3,057,118 ", - ," 41,357,745 ",44698230000000
1829,Soquel Union Elementary, 0.3409 ," 14,767,295 "," 1,006,834 ", - ," 16,001,207 ",44698490000000
1830,Scotts Valley Unified, 0.1166 ," 19,822,498 "," 462,261 ", - ," 20,427,506 ",44754320000000
1834,Anderson Union High, 0.5424 ," 13,458,959 "," 1,460,028 ", - ," 15,456,634 ",45698560000000
1836,Bella Vista Elementary, 0.6368 ," 2,733,104 "," 348,088 "," 118,617 "," 3,340,048 ",45698720000000
1837,Black Butte Union Elementary, 0.7508 ," 1,586,707 "," 238,260 "," 159,305 "," 2,180,330 ",45698800000000
1838,Cascade Union Elementary, 0.8368 ," 8,005,128 "," 1,339,738 "," 1,147,936 "," 10,830,990 ",45699140000000
1840,Castle Rock Union Elementary, 0.7931 , - ," 78,729 "," 60,329 "," 677,034 ",45699220000000
1841,Columbia Elementary, 0.3653 ," 5,914,915 "," 432,144 ", - ," 6,507,031 ",45699480000000
1843,Cottonwood Union Elementary, 0.5475 ," 7,054,994 "," 772,522 ", - ," 8,151,293 ",45699550000000
1845,Enterprise Elementary, 0.7123 ," 26,953,324 "," 3,839,771 "," 2,187,263 "," 33,286,673 ",45699710000000
1848,Fall River Joint Unified, 0.5996 ," 6,750,261 "," 1,116,242 "," 230,845 "," 12,062,556 ",45699890000000
1849,French Gulch-Whiskeytown Elementary, 0.8500 , - ," 35,541 "," 31,360 "," 404,735 ",45699970000000
1850,Grant Elementary, 0.1627 ," 4,983,657 "," 162,168 ", - ," 5,213,750 ",45700030000000
1851,Happy Valley Union Elementary, 0.6826 ," 3,850,452 "," 525,664 "," 255,285 "," 4,904,046 ",45700110000000
1852,"Igo, Ono, Platina Union Elementary", 0.7541 ," 319,872 "," 48,243 "," 32,643 "," 454,226 ",45700290000000
1853,Indian Springs Elementary, 1.0000 ," 105,030 "," 21,006 "," 23,632 "," 197,526 ",45700370000000
1854,Junction Elementary, 0.3413 ," 2,335,556 "," 159,425 ", - ," 2,645,683 ",45700450000000
1855,Millville Elementary, 0.3560 ," 1,999,321 "," 142,352 ", - ," 2,202,138 ",45700520000000
1856,North Cow Creek Elementary, 0.2899 ," 2,018,366 "," 117,025 ", - ," 2,152,910 ",45700780000000
1857,Oak Run Elementary, 0.6904 , - ," 67,114 "," 34,121 "," 639,824 ",45700860000000
1858,Pacheco Union Elementary, 0.5911 ," 4,988,571 "," 589,749 "," 102,516 "," 5,912,365 ",45700940000000
1859,Redding Elementary, 0.6384 ," 22,730,482 "," 2,902,228 "," 1,004,687 "," 26,986,554 ",45701100000000
1862,Shasta Union Elementary, 0.4452 ," 1,159,852 "," 103,273 ", - ," 1,295,598 ",45701280000000
1863,Shasta Union High, 0.3926 ," 38,249,571 "," 3,003,357 ", - ," 41,947,795 ",45701360000000
1866,Whitmore Union Elementary, 0.5755 ," 7,562 "," 35,719 "," 3,956 "," 413,735 ",45701690000000
1870,Mountain Union Elementary, 0.9136 ," 562,286 "," 102,741 "," 102,224 "," 924,296 ",45737000000000
1871,Gateway Unified, 0.7356 ," 17,947,000 "," 2,640,363 "," 1,665,482 "," 23,144,717 ",45752670000000
1873,Sierra-Plumas Joint Unified, 0.4450 ," 2,081,121 "," 300,531 ", - ," 5,020,740 ",46701770000000
1876,Big Springs Union Elementary, 0.5838 ," 1,358,644 "," 158,635 "," 22,961 "," 1,576,164 ",47701850000000
1877,Bogus Elementary, 0.8824 , - ," 23,622 "," 22,247 "," 222,298 ",47701930000000
1878,Butteville Union Elementary, 0.4895 ," 1,542,248 "," 150,986 ", - ," 1,725,185 ",47702010000000
1879,Delphic Elementary, 0.6610 ," 460,489 "," 60,876 "," 25,557 "," 546,922 ",47702270000000
1880,Dunsmuir Elementary, 0.8352 ," 10,129 "," 114,005 "," 97,325 "," 901,834 ",47702430000000
1881,Dunsmuir Joint Union High, 0.7090 ," 2,132 "," 75,877 "," 42,540 "," 1,138,885 ",47702500000000
1882,Forks of Salmon Elementary, 0.5926 , - ," 7,669 "," 1,378 "," 194,328 ",47702920000000
1883,Gazelle Union Elementary, 0.8889 ," 257,215 "," 45,728 "," 43,585 "," 361,488 ",47703180000000
1884,Grenada Elementary, 0.5987 ," 1,730,265 "," 207,183 "," 42,132 "," 2,004,995 ",47703260000000
1885,Happy Camp Union Elementary, 0.7672 ," 834,441 "," 128,037 "," 90,621 "," 1,106,532 ",47703340000000
1886,Hornbrook Elementary, 0.7688 , - ," 60,257 "," 42,873 "," 605,655 ",47703590000000
1887,Junction Elementary, 0.6538 , - ," 26,888 "," 10,672 "," 394,363 ",47703670000000
1888,Klamath River Union Elementary, 0.7500 ," 6,012 "," 21,156 "," 14,103 "," 240,365 ",47703750000000
1889,Little Shasta Elementary, 0.6458 ," 164,335 "," 21,225 "," 7,871 "," 194,817 ",47703830000000
1890,McCloud Union Elementary, 0.6444 ," 6,860 "," 56,911 "," 20,842 "," 579,127 ",47704090000000
1891,Montague Elementary, 0.6950 ," 1,295,575 "," 180,086 "," 93,929 "," 1,607,747 ",47704170000000
1892,Mt. Shasta Union Elementary, 0.4438 ," 4,215,594 "," 374,176 ", - ," 4,691,308 ",47704250000000
1893,Seiad Elementary, 0.7963 , - ," 15,569 "," 12,039 "," 212,454 ",47704580000000
1894,Siskiyou Union High, 0.4956 ," 2,795,530 "," 510,169 ", - ," 6,930,296 ",47704660000000
1895,Weed Union Elementary, 0.8615 ," 2,171,585 "," 374,164 "," 338,225 "," 2,930,959 ",47704820000000
1896,Willow Creek Elementary, 0.7818 , - ," 46,815 "," 34,701 "," 430,261 ",47704900000000
1897,Yreka Union Elementary, 0.6958 ," 7,598,963 "," 1,057,472 "," 553,965 "," 9,375,930 ",47705080000000
1898,Yreka Union High, 0.4901 ," 5,541,564 "," 543,184 ", - ," 6,358,556 ",47705160000000
1899,Butte Valley Unified, 0.8079 ," 1,634,670 "," 403,789 "," 322,247 "," 3,728,775 ",47736840000000
1900,Scott Valley Unified, 0.5990 ," 3,671,205 "," 641,730 "," 131,238 "," 6,586,502 ",47764550000000
1901,Benicia Unified, 0.2456 ," 38,540,363 "," 1,893,103 ", - ," 40,705,917 ",48705240000000
1902,Dixon Unified, 0.5990 ," 25,972,868 "," 3,111,550 "," 636,335 "," 29,985,130 ",48705320000000
1904,Fairfield-Suisun Unified, 0.5953 ," 172,104,454 "," 20,490,757 "," 3,898,166 "," 198,278,374 ",48705400000000
1905,Travis Unified, 0.2917 ," 44,560,625 "," 2,599,667 ", - ," 47,718,613 ",48705650000000
1906,Vacaville Unified, 0.4410 ," 91,963,791 "," 8,111,206 ", - ," 101,457,287 ",48705730000000
1911,Vallejo City Unified, 0.7480 ," 92,989,100 "," 13,911,170 "," 9,205,921 "," 118,265,940 ",48705810000000
1917,Alexander Valley Union Elementary, 0.3219 ," 474,849 "," 30,571 ", - ," 527,647 ",49705990000000
1918,West Sonoma County Union High, 0.3024 ," 16,487,930 "," 997,190 ", - ," 18,015,555 ",49706070000000
1920,Bellevue Union, 0.9009 ," 13,043,487 "," 2,350,176 "," 2,288,480 "," 18,132,143 ",49706150000000
1921,Bennett Valley Union Elementary, 0.2802 ," 7,842,922 "," 439,517 ", - ," 8,425,589 ",49706230000000
1922,Cinnabar Elementary, 0.8444 ," 143,948 "," 24,310 "," 21,189 "," 243,545 ",49706490000000
1924,Cloverdale Unified, 0.6359 ," 11,360,580 "," 1,444,839 "," 487,937 "," 13,470,439 ",49706560000000
1925,Dunham Elementary, 0.1724 ," 70,107 "," 2,417 ", - ," 79,312 ",49706720000000
1927,Forestville Union Elementary, 0.4406 ," 435,067 "," 38,338 ", - ," 576,405 ",49706800000000
1929,Fort Ross Elementary, 0.8333 ," 141,914 "," 23,651 "," 20,103 "," 217,411 ",49706980000000
1930,Geyserville Unified, 0.6337 ," 1,414,844 "," 179,317 "," 59,212 "," 1,737,122 ",49707060000000
1931,Gravenstein Union Elementary, 0.3969 ," 333,112 "," 26,442 ", - ," 419,063 ",49707140000000
1934,Guerneville Elementary, 0.6911 ," 282,035 "," 38,983 "," 19,898 "," 440,916 ",49707220000000
1937,Harmony Union Elementary, 0.3138 ," 462,313 "," 29,015 ", - ," 606,328 ",49707300000000
1940,Horicon Elementary, 0.9048 ," 483,596 "," 87,511 "," 85,790 "," 706,250 ",49707630000000
1941,Kenwood, 0.1774 ," 456,435 "," 16,194 ", - ," 484,149 ",49707890000000
1942,Liberty Elementary, 0.2041 ," 446,337 "," 18,219 ", - ," 476,950 ",49707970000000
1945,Mark West Union Elementary, 0.5494 ," 3,424,328 "," 376,265 ", - ," 3,981,892 ",49708050000000
1949,Monte Rio Union Elementary, 0.6122 ," 422,937 "," 51,784 "," 13,153 "," 529,942 ",49708130000000
1950,Montgomery Elementary, 0.4227 ," 256,119 "," 21,652 ", - ," 299,626 ",49708210000000
1951,Oak Grove Union Elementary, 0.2912 ," 674,399 "," 39,277 ", - ," 763,676 ",49708390000000
1955,Old Adobe Union, 0.5349 ," 2,567,888 "," 274,712 ", - ," 3,105,157 ",49708470000000
1961,Petaluma City Elementary, 0.4301 ," 12,699,278 "," 1,092,392 ", - ," 14,018,533 ",49708540000000
1965,Petaluma Joint Union High, 0.3589 ," 40,851,745 "," 2,932,338 ", - ," 44,717,056 ",49708620000000
1969,Piner-Olivet Union Elementary, 0.4839 ," 2,447,079 "," 236,828 ", - ," 2,906,307 ",49708700000000
1974,Kashia Elementary, 1.0000 , - ," 15,463 "," 17,398 "," 194,629 ",49708880000000
1975,Rincon Valley Union Elementary, 0.2520 ," 10,174,372 "," 512,788 ", - ," 11,189,620 ",49708960000000
1981,Roseland, 0.9524 ," 10,906,719 "," 2,077,512 "," 2,194,432 "," 15,437,052 ",49709040000000
1983,Santa Rosa Elementary, 0.7534 ," 30,093,426 "," 4,534,477 "," 3,060,502 "," 38,433,720 ",49709120000000
1988,Santa Rosa High, 0.4791 ," 91,722,131 "," 8,788,815 ", - ," 101,911,227 ",49709200000000
1990,Sebastopol Union Elementary, 0.5284 ," 3,847,264 "," 406,579 ", - ," 4,381,636 ",49709380000000
1993,Sonoma Valley Unified, 0.6358 ," 31,333,536 "," 3,984,373 "," 1,344,209 "," 37,437,103 ",49709530000000
1996,Twin Hills Union Elementary, 0.2682 ," 3,109,519 "," 166,795 ", - ," 3,371,314 ",49709610000000
2000,Two Rock Union, 0.5279 ," 1,207,260 "," 127,463 ", - ," 1,334,723 ",49709790000000
2001,Waugh Elementary, 0.2117 ," 6,660,969 "," 282,026 ", - ," 6,942,995 ",49709950000000
2002,West Side Union Elementary, 0.3551 ," 1,385,884 "," 98,425 ", - ," 1,505,916 ",49710010000000
2003,Wilmar Union Elementary, 0.2974 ," 1,944,412 "," 115,653 ", - ," 2,060,065 ",49710190000000
2004,Wright Elementary, 0.7809 ," 8,252,952 "," 1,288,945 "," 952,803 "," 10,805,433 ",49710350000000
2006,Cotati-Rohnert Park Unified, 0.4802 ," 46,165,239 "," 4,433,710 ", - ," 51,785,952 ",49738820000000
2008,Windsor Unified, 0.3730 ," 31,878,049 "," 2,378,103 ", - ," 34,912,062 ",49753580000000
2011,Healdsburg Unified, 0.6150 ," 9,983,230 "," 1,227,938 "," 324,454 "," 11,786,873 ",49753900000000
2016,Ceres Unified, 0.8663 ," 110,466,564 "," 19,139,436 "," 17,470,287 "," 147,904,344 ",50710430000000
2020,Chatom Union, 0.8360 ," 4,558,805 "," 762,232 "," 651,909 "," 6,241,810 ",50710500000000
2021,Denair Unified, 0.6295 ," 4,165,522 "," 524,440 "," 165,580 "," 4,994,493 ",50710680000000
2024,Empire Union Elementary, 0.8635 ," 23,043,215 "," 3,979,563 "," 3,612,024 "," 31,085,426 ",50710760000000
2025,Gratton Elementary, 0.3617 ," 105,093 "," 7,603 ", - ," 112,696 ",50710840000000
2027,Hart-Ransom Union Elementary, 0.5331 ," 6,362,672 "," 678,388 ", - ," 7,164,522 ",50710920000000
2029,Hickman Community Charter, 0.3659 ," 8,100,771 "," 592,814 ", - ," 8,693,585 ",50711000000000
2030,Keyes Union, 0.9308 ," 6,131,932 "," 1,141,521 "," 1,167,520 "," 8,514,099 ",50711340000000
2032,Knights Ferry Elementary, 0.2638 ," 1,149,576 "," 60,651 ", - ," 1,216,529 ",50711420000000
2033,Modesto City Elementary, 0.8777 ," 114,409,034 "," 20,083,362 "," 18,745,921 "," 154,797,145 ",50711670000000
2036,Modesto City High, 0.6580 ," 134,530,266 "," 17,704,183 "," 7,264,634 "," 160,675,081 ",50711750000000
2038,Paradise Elementary, 0.6943 ," 674,405 "," 93,647 "," 48,658 "," 846,966 ",50712090000000
2040,Patterson Joint Unified, 0.7986 ," 48,478,225 "," 7,742,941 "," 6,025,843 "," 62,707,249 ",50712170000000
2041,Roberts Ferry Union Elementary, 0.6746 ," 877,119 "," 118,341 "," 54,645 "," 1,078,243 ",50712330000000
2043,Salida Union Elementary, 0.7583 ," 18,370,685 "," 2,786,098 "," 1,913,307 "," 23,288,445 ",50712660000000
2046,Shiloh Elementary, 0.7207 ," 261,564 "," 37,702 "," 22,325 "," 361,423 ",50712740000000
2048,Stanislaus Union Elementary, 0.7075 ," 27,934,376 "," 3,952,714 "," 2,199,833 "," 34,392,423 ",50712820000000
2049,Sylvan Union Elementary, 0.5526 ," 63,351,699 "," 7,001,630 "," 82,357 "," 71,081,997 ",50712900000000
2050,Valley Home Joint Elementary, 0.5362 ," 1,294,739 "," 138,848 ", - ," 1,504,362 ",50713240000000
2051,Newman-Crows Landing Unified, 0.7448 ," 25,832,944 "," 3,848,075 "," 2,516,128 "," 32,413,902 ",50736010000000
2052,Hughson Unified, 0.5798 ," 16,838,585 "," 1,952,602 "," 250,896 "," 19,282,905 ",50755490000000
2053,Riverbank Unified, 0.8637 ," 19,555,930 "," 3,378,091 "," 3,067,349 "," 26,258,561 ",50755560000000
2055,Oakdale Joint Unified, 0.4471 ," 42,752,631 "," 3,822,941 ", - ," 47,144,459 ",50755640000000
2057,Waterford Unified, 0.8122 ," 14,745,507 "," 2,395,260 "," 1,933,136 "," 19,423,787 ",50755720000000
2059,Turlock Unified, 0.6505 ," 113,044,562 "," 14,707,098 "," 5,680,489 "," 134,555,997 ",50757390000000
2063,Brittan Elementary, 0.5089 ," 3,506,799 "," 356,923 ", - ," 3,916,013 ",51713570000000
2064,Browns Elementary, 0.5298 ," 1,167,606 "," 123,720 ", - ," 1,336,105 ",51713650000000
2065,East Nicolaus Joint Union High, 0.3491 ," 2,763,552 "," 192,951 ", - ," 3,170,455 ",51713730000000
2066,Franklin Elementary, 0.2894 ," 3,741,371 "," 216,551 ", - ," 4,000,653 ",51713810000000
2067,Live Oak Unified, 0.8201 ," 15,078,215 "," 2,473,129 "," 2,036,313 "," 19,833,727 ",51713990000000
2068,Marcum-Illinois Union Elementary, 0.4527 ," 1,322,822 "," 119,769 ", - ," 1,633,365 ",51714070000000
2070,Meridian Elementary, 0.7225 , - ," 75,244 "," 44,912 "," 646,606 ",51714150000000
2074,Nuestro Elementary, 0.4271 ," 1,301,476 "," 111,172 ", - ," 1,419,295 ",51714230000000
2076,Pleasant Grove Joint Union, 0.3438 ," 1,445,978 "," 99,426 ", - ," 1,587,169 ",51714310000000
2077,Sutter Union High, 0.3239 ," 6,970,751 "," 451,565 ", - ," 7,523,735 ",51714490000000
2078,Winship-Robbins, 0.8843 ," 1,035,877 "," 183,205 "," 173,147 "," 1,452,039 ",51714560000000
2081,Yuba City Unified, 0.7384 ," 100,250,287 "," 14,804,962 "," 9,443,576 "," 125,522,533 ",51714640000000
2086,Antelope Elementary, 0.5482 ," 5,770,308 "," 645,807 ", - ," 6,687,644 ",52714720000000
2088,Corning Union Elementary, 0.8776 ," 15,968,066 "," 2,802,715 "," 2,615,569 "," 21,641,924 ",52714980000000
2089,Corning Union High, 0.7412 ," 8,948,385 "," 1,326,509 "," 855,466 "," 11,212,592 ",52715060000000
2090,Elkins Elementary, 0.9070 ," 117,351 "," 21,287 "," 20,947 "," 162,479 ",52715140000000
2091,Evergreen Union, 0.5896 ," 8,372,449 "," 987,280 "," 165,774 "," 9,767,674 ",52715220000000
2093,Flournoy Union Elementary, 0.3293 , - ," 17,913 ", - ," 346,074 ",52715300000000
2094,Gerber Union Elementary, 0.8934 ," 3,083,973 "," 551,044 "," 529,518 "," 4,324,508 ",52715480000000
2095,Kirkwood Elementary, 0.5859 ," 764,705 "," 89,608 "," 13,727 "," 870,463 ",52715550000000
2096,Lassen View Union Elementary, 0.5510 ," 2,616,517 "," 288,340 "," 1,309 "," 3,012,182 ",52715630000000
2097,Los Molinos Unified, 0.7600 ," 2,309,951 "," 721,021 "," 498,073 "," 6,317,255 ",52715710000000
2098,Red Bluff Union Elementary, 0.7886 ," 15,607,948 "," 2,461,686 "," 1,862,028 "," 20,191,398 ",52716210000000
2099,Red Bluff Joint Union High, 0.6011 ," 14,437,672 "," 1,735,697 "," 368,883 "," 16,947,172 ",52716390000000
2100,Reeds Creek Elementary, 0.5892 ," 1,328,124 "," 156,505 "," 26,032 "," 1,538,042 ",52716470000000
2101,Richfield Elementary, 0.6173 ," 1,953,868 "," 241,225 "," 65,748 "," 2,279,490 ",52716540000000
2103,Burnt Ranch Elementary, 0.7724 , - ," 99,328 "," 71,500 "," 1,030,617 ",53716620000000
2104,Coffee Creek Elementary, 0.5714 ," 69,309 "," 7,921 ", 741 ," 77,971 ",53716700000000
2105,Douglas City Elementary, 0.5074 ," 1,339,167 "," 135,899 ", - ," 1,544,418 ",53716960000000
2106,Junction City Elementary, 0.7500 , - ," 73,706 "," 49,138 "," 627,064 ",53717380000000
2107,Lewiston Elementary, 0.8087 , - ," 75,311 "," 60,230 "," 699,171 ",53717460000000
2108,Trinity Center Elementary, 0.6250 ," 105,863 "," 13,233 "," 3,970 "," 124,425 ",53717610000000
2109,Southern Trinity Joint Unified, 0.8065 ," 23,543 "," 112,291 "," 89,282 "," 1,808,487 ",53738330000000
2110,Mountain Valley Unified, 0.7651 ," 1,379,894 "," 312,138 "," 219,385 "," 3,170,331 ",53750280000000
2111,Trinity Alps Unified, 0.5664 ," 5,903,218 "," 668,716 "," 48,405 "," 6,942,622 ",53765130000000
2118,Allensworth Elementary, 0.9253 ," 7,041 "," 127,009 "," 128,786 "," 1,026,608 ",54717950000000
2119,Alpaugh Unified, 0.9536 ," 1,859,775 "," 481,500 "," 509,472 "," 3,986,384 ",54718030000000
2121,Alta Vista Elementary, 0.9325 ," 4,358,874 "," 812,931 "," 833,634 "," 6,015,805 ",54718110000000
2122,Buena Vista Elementary, 0.6845 ," 1,618,581 "," 221,584 "," 108,849 "," 1,989,346 ",54718290000000
2123,Burton Elementary, 0.8183 ," 21,075,956 "," 3,449,291 "," 2,827,339 "," 27,499,616 ",54718370000000
2125,Columbine Elementary, 0.6092 ," 1,558,608 "," 189,901 "," 46,135 "," 1,830,832 ",54718520000000
2126,Cutler-Orosi Joint Unified, 0.9598 ," 33,533,329 "," 6,437,058 "," 6,870,980 "," 47,369,268 ",54718600000000
2127,Ducor Union Elementary, 0.8733 ," 1,251,653 "," 218,613 "," 202,330 "," 1,748,038 ",54718940000000
2128,Earlimart Elementary, 0.9729 ," 13,887,952 "," 2,702,318 "," 2,936,607 "," 19,739,656 ",54719020000000
2129,Hope Elementary, 0.7700 ," 1,897,733 "," 292,250 "," 208,751 "," 2,430,223 ",54719440000000
2130,Hot Springs Elementary, 1.0000 , - ," 28,389 "," 31,939 "," 253,766 ",54719510000000
2131,Kings River Union Elementary, 0.9291 ," 3,512,881 "," 652,764 "," 665,866 "," 4,984,115 ",54719690000000
2132,Liberty Elementary, 0.5612 ," 5,115,795 "," 574,197 "," 28,648 "," 5,750,677 ",54719850000000
2133,Lindsay Unified, 0.9332 ," 32,863,781 "," 6,133,696 "," 6,296,701 "," 45,581,546 ",54719930000000
2135,Monson-Sultana Joint Union Elementary, 0.8701 ," 3,638,515 "," 633,175 "," 582,345 "," 4,939,614 ",54720090000000
2136,Oak Valley Union Elementary, 0.7957 ," 4,360,046 "," 693,858 "," 535,631 "," 5,678,190 ",54720170000000
2137,Outside Creek Elementary, 0.9033 ," 796,460 "," 143,889 "," 140,695 "," 1,107,853 ",54720250000000
2138,Palo Verde Union Elementary, 0.9401 ," 4,560,221 "," 857,413 "," 889,471 "," 6,428,532 ",54720330000000
2139,Pixley Union Elementary, 0.9651 ," 8,230,194 "," 1,588,591 "," 1,708,178 "," 11,726,251 ",54720410000000
2140,Pleasant View Elementary, 0.9557 ," 3,628,412 "," 693,534 "," 736,023 "," 5,163,129 ",54720580000000
2141,Richgrove Elementary, 0.9426 ," 4,741,351 "," 893,839 "," 930,727 "," 8,958,668 ",54720820000000
2142,Rockford Elementary, 0.5882 ," 2,706,791 "," 318,427 "," 51,700 "," 3,115,751 ",54720900000000
2143,Saucelito Elementary, 0.7874 , - ," 101,960 "," 76,852 "," 861,218 ",54721080000000
2144,Sequoia Union Elementary, 0.3761 ," 258,983 "," 19,481 ", - ," 356,063 ",54721160000000
2146,Springville Union Elementary, 0.5447 ," 2,520,655 "," 274,600 ", - ," 2,955,004 ",54721320000000
2147,Stone Corral Elementary, 0.9925 ," 1,036,691 "," 205,783 "," 229,369 "," 1,495,639 ",54721400000000
2149,Strathmore Union Elementary, 0.9713 ," 6,031,787 "," 1,171,735 "," 1,270,596 "," 8,631,440 ",54721570000000
2150,Sundale Union Elementary, 0.4525 ," 6,378,240 "," 577,230 ", - ," 7,071,243 ",54721730000000
2151,Sunnyside Union Elementary, 0.9183 ," 2,792,995 "," 512,961 "," 514,331 "," 3,950,308 ",54721810000000
2152,Terra Bella Union Elementary, 0.9821 ," 6,993,615 "," 1,373,686 "," 1,510,970 "," 10,047,496 ",54721990000000
2153,Three Rivers Union Elementary, 0.4197 ," 1,089,743 "," 91,473 ", - ," 1,207,050 ",54722070000000
2154,Tipton Elementary, 0.9201 ," 4,422,029 "," 813,741 "," 818,297 "," 6,191,857 ",54722150000000
2155,Traver Joint Elementary, 0.9567 ," 1,780,626 "," 340,705 "," 362,091 "," 2,554,450 ",54722230000000
2156,Tulare City, 0.8094 ," 73,954,696 "," 11,971,786 "," 9,591,924 "," 96,020,946 ",54722310000000
2157,Tulare Joint Union High, 0.7199 ," 48,809,164 "," 7,027,543 "," 4,146,338 "," 60,616,389 ",54722490000000
2160,Visalia Unified, 0.6838 ," 222,727,085 "," 30,460,156 "," 14,900,442 "," 271,417,483 ",54722560000000
2165,Waukena Joint Union Elementary, 0.9009 ," 1,654,899 "," 298,180 "," 290,352 "," 2,313,158 ",54722640000000
2166,Woodville Union Elementary, 0.9727 ," 3,315,240 "," 644,947 "," 700,676 "," 4,750,633 ",54722980000000
2167,Farmersville Unified, 0.9116 ," 20,326,251 "," 3,705,882 "," 3,674,986 "," 27,771,601 ",54753250000000
2168,Porterville Unified, 0.8352 ," 109,108,881 "," 18,225,547 "," 15,558,927 "," 144,242,229 ",54755230000000
2172,Dinuba Unified, 0.8392 ," 53,550,155 "," 8,987,858 "," 7,743,352 "," 70,781,119 ",54755310000000
2173,Woodlake Unified, 0.8986 ," 17,317,359 "," 3,112,276 "," 3,018,416 "," 23,745,230 ",54767940000000
2174,Exeter Unified, 0.6781 ," 22,942,990 "," 3,111,527 "," 1,469,499 "," 27,940,942 ",54768360000000
2176,Belleview Elementary, 0.5621 ," 1,169,556 "," 131,481 "," 7,076 "," 1,387,729 ",55723060000000
2177,Columbia Union, 0.5973 ," 3,772,723 "," 450,690 "," 89,224 "," 4,578,030 ",55723480000000
2178,Curtis Creek Elementary, 0.5435 ," 3,601,170 "," 391,447 ", - ," 4,228,313 ",55723550000000
2179,Jamestown Elementary, 0.7720 ," 2,697,875 "," 450,641 "," 323,971 "," 3,898,471 ",55723630000000
2180,Sonora Elementary, 0.4648 ," 5,786,800 "," 537,941 ", - ," 6,528,798 ",55723710000000
2181,Sonora Union High, 0.4207 ," 9,318,960 "," 784,097 ", - ," 10,723,357 ",55723890000000
2182,Soulsbyville Elementary, 0.4349 ," 4,124,186 "," 358,722 ", - ," 4,589,529 ",55723970000000
2183,Summerville Elementary, 0.4699 ," 3,054,657 "," 287,077 ", - ," 3,412,370 ",55724050000000
2184,Summerville Union High, 0.4441 ," 3,795,099 "," 342,745 ", - ," 6,135,457 ",55724130000000
2187,Twain Harte, 0.6180 ," 1,974,645 "," 244,066 "," 67,138 "," 2,459,087 ",55724210000000
2188,Big Oak Flat-Groveland Unified, 0.5005 ," 1,513,742 "," 240,310 ", - ," 3,947,788 ",55751840000000
2194,Briggs Elementary, 0.8123 ," 4,245,706 "," 689,758 "," 556,824 "," 5,540,045 ",56724470000000
2195,Fillmore Unified, 0.7741 ," 30,123,852 "," 4,663,774 "," 3,375,379 "," 38,640,849 ",56724540000000
2196,Hueneme Elementary, 0.8791 ," 64,714,116 "," 11,378,036 "," 10,648,708 "," 87,238,495 ",56724620000000
2197,Mesa Union Elementary, 0.4321 ," 4,701,441 "," 406,298 ", - ," 5,176,992 ",56724700000000
2199,Mupu Elementary, 0.5424 ," 1,256,206 "," 136,273 ", - ," 1,392,479 ",56725040000000
2200,Ocean View, 0.8691 ," 20,017,218 "," 3,479,393 "," 3,193,747 "," 27,146,323 ",56725120000000
2201,Ojai Unified, 0.5081 ," 19,279,391 "," 1,959,172 ", - ," 21,901,068 ",56725200000000
2203,Oxnard, 0.8580 ," 126,987,858 "," 21,791,116 "," 19,556,130 "," 170,044,574 ",56725380000000
2204,Oxnard Union High, 0.6406 ," 145,245,508 "," 18,608,854 "," 6,579,622 "," 171,484,136 ",56725460000000
2207,Pleasant Valley, 0.3162 ," 48,974,556 "," 3,097,150 ", - ," 52,833,627 ",56725530000000
2209,Rio Elementary, 0.8037 ," 40,074,978 "," 6,441,651 "," 5,083,511 "," 51,901,581 ",56725610000000
2210,Santa Clara Elementary, 0.1503 ," 459,264 "," 13,805 ", - ," 473,069 ",56725790000000
2211,Simi Valley Unified, 0.3524 ," 134,346,273 "," 9,468,725 ", - ," 146,386,543 ",56726030000000
2212,Somis Union, 0.7027 ," 1,966,490 "," 276,370 "," 150,141 "," 2,449,529 ",56726110000000
2213,Ventura Unified, 0.5587 ," 136,144,857 "," 15,212,827 "," 592,230 "," 153,599,401 ",56726520000000
2214,Conejo Valley Unified, 0.2634 ," 152,211,195 "," 8,018,486 ", - ," 162,278,599 ",56737590000000
2215,Oak Park Unified, 0.1150 ," 37,286,965 "," 857,600 ", - ," 38,144,565 ",56738740000000
2216,Moorpark Unified, 0.3890 ," 50,526,651 "," 3,930,974 ", - ," 55,651,445 ",56739400000000
2218,Santa Paula Unified, 0.8827 ," 42,906,628 "," 7,574,735 "," 7,137,518 "," 58,685,880 ",56768280000000
2221,Davis Joint Unified, 0.2700 ," 64,205,402 "," 3,467,092 ", - ," 68,245,068 ",57726780000000
2223,Esparto Unified, 0.7991 ," 7,436,815 "," 1,188,552 "," 926,255 "," 9,861,759 ",57726860000000
2224,Washington Unified, 0.6856 ," 61,703,566 "," 8,460,793 "," 4,183,502 "," 74,759,025 ",57726940000000
2228,Winters Joint Unified, 0.6912 ," 12,381,934 "," 1,711,677 "," 874,165 "," 15,184,247 ",57727020000000
2229,Woodland Joint Unified, 0.6751 ," 77,255,593 "," 10,431,050 "," 4,832,338 "," 93,665,089 ",57727100000000
2233,Camptonville Elementary, 0.6988 ," 420,692 "," 58,796 "," 31,299 "," 537,244 ",58727280000000
2235,Marysville Joint Unified, 0.8168 ," 76,193,862 "," 12,447,028 "," 10,164,261 "," 100,261,913 ",58727360000000
2238,Plumas Lake Elementary, 0.3868 ," 10,261,440 "," 793,825 ", - ," 11,108,901 ",58727440000000
2239,Wheatland, 0.4783 ," 9,947,133 "," 951,543 ", - ," 11,234,349 ",58727510000000
2241,Wheatland Union High, 0.4283 ," 7,062,422 "," 604,967 ", - ," 7,852,628 ",58727690000000
